dataset_group,experiment,run,root,root_id,method,candidate_count,root_rank,top2_hit,top5_hit,acc,top_services,root_score,run_dir
sockshop_4svc,e1,single,payment,2,random_expected,3,expected,0.6666666666666666,1.0,0.75,random permutation,,D:\project\homework\sockshop\data\sockshop\e1
sockshop_4svc,e1,single,payment,2,dycause,3,2,1.0,1.0,0.75,,,D:\project\homework\sockshop\data\sockshop\e1
sockshop_4svc,e1,single,payment,2,pearson_entry_abs,3,3,0.0,1.0,0.5,user > catalogue > payment,0.04835889398389429,D:\project\homework\sockshop\data\sockshop\e1
sockshop_4svc,e1,single,payment,2,anomaly_z_mean_shift,3,2,1.0,1.0,0.75,user > payment > catalogue,0.0464812311313858,D:\project\homework\sockshop\data\sockshop\e1
sockshop_4svc,e2,single,user,3,random_expected,3,expected,0.6666666666666666,1.0,0.75,random permutation,,D:\project\homework\sockshop\data\sockshop\e2
sockshop_4svc,e2,single,user,3,dycause,3,2,1.0,1.0,0.75,,,D:\project\homework\sockshop\data\sockshop\e2
sockshop_4svc,e2,single,user,3,pearson_entry_abs,3,1,1.0,1.0,1.0,user > catalogue > payment,0.2674631135433763,D:\project\homework\sockshop\data\sockshop\e2
sockshop_4svc,e2,single,user,3,anomaly_z_mean_shift,3,3,0.0,1.0,0.5,catalogue > payment > user,0.046084055541293134,D:\project\homework\sockshop\data\sockshop\e2
sockshop_mesh_business,mesh_e1,run01,payment,5,random_expected,6,expected,0.3333333333333333,0.8333333333333334,0.6428571428571429,random permutation,,D:\project\homework\sockshop\data\sockshop_mesh_business\mesh_e1\run01
sockshop_mesh_business,mesh_e1,run01,payment,5,dycause,6,2,1.0,1.0,0.8571,,,D:\project\homework\sockshop\data\sockshop_mesh_business\mesh_e1\run01
sockshop_mesh_business,mesh_e1,run01,payment,5,pearson_entry_abs,6,3,0.0,1.0,0.7143,user > catalogue > payment > orders > carts > shipping,0.5186544085255668,D:\project\homework\sockshop\data\sockshop_mesh_business\mesh_e1\run01
sockshop_mesh_business,mesh_e1,run01,payment,5,anomaly_z_mean_shift,6,5,0.0,1.0,0.4286,catalogue > orders > carts > user > payment > shipping,0.16000950774539033,D:\project\homework\sockshop\data\sockshop_mesh_business\mesh_e1\run01
sockshop_mesh_business,mesh_e2,run01,user,7,random_expected,6,expected,0.3333333333333333,0.8333333333333334,0.6428571428571429,random permutation,,D:\project\homework\sockshop\data\sockshop_mesh_business\mesh_e2\run01
sockshop_mesh_business,mesh_e2,run01,user,7,dycause,6,,0.0,0.0,0.0,,,D:\project\homework\sockshop\data\sockshop_mesh_business\mesh_e2\run01
sockshop_mesh_business,mesh_e2,run01,user,7,pearson_entry_abs,6,5,0.0,1.0,0.4286,orders > shipping > carts > catalogue > user > payment,0.3387018584688919,D:\project\homework\sockshop\data\sockshop_mesh_business\mesh_e2\run01
sockshop_mesh_business,mesh_e2,run01,user,7,anomaly_z_mean_shift,6,4,0.0,1.0,0.5714,shipping > carts > orders > user > payment > catalogue,0.8087423822497191,D:\project\homework\sockshop\data\sockshop_mesh_business\mesh_e2\run01
sockshop_mesh_business,mesh_e3,run01,payment,5,random_expected,6,expected,0.3333333333333333,0.8333333333333334,0.6428571428571429,random permutation,,D:\project\homework\sockshop\data\sockshop_mesh_business\mesh_e3\run01
sockshop_mesh_business,mesh_e3,run01,payment,5,dycause,6,2,1.0,1.0,0.8571,,,D:\project\homework\sockshop\data\sockshop_mesh_business\mesh_e3\run01
sockshop_mesh_business,mesh_e3,run01,payment,5,pearson_entry_abs,6,3,0.0,1.0,0.7143,user > carts > payment > shipping > catalogue > orders,0.34278396201952716,D:\project\homework\sockshop\data\sockshop_mesh_business\mesh_e3\run01
sockshop_mesh_business,mesh_e3,run01,payment,5,anomaly_z_mean_shift,6,5,0.0,1.0,0.4286,shipping > carts > user > orders > payment > catalogue,0.14582751271617178,D:\project\homework\sockshop\data\sockshop_mesh_business\mesh_e3\run01
sockshop_mesh_business,mesh_e4,run01,user,7,random_expected,6,expected,0.3333333333333333,0.8333333333333334,0.6428571428571429,random permutation,,D:\project\homework\sockshop\data\sockshop_mesh_business\mesh_e4\run01
sockshop_mesh_business,mesh_e4,run01,user,7,dycause,6,,0.0,0.0,0.0,,,D:\project\homework\sockshop\data\sockshop_mesh_business\mesh_e4\run01
sockshop_mesh_business,mesh_e4,run01,user,7,pearson_entry_abs,6,1,1.0,1.0,1.0,user > orders > payment > carts > shipping > catalogue,0.9956919924535688,D:\project\homework\sockshop\data\sockshop_mesh_business\mesh_e4\run01
sockshop_mesh_business,mesh_e4,run01,user,7,anomaly_z_mean_shift,6,1,1.0,1.0,1.0,user > payment > orders > carts > catalogue > shipping,4.854789844253409,D:\project\homework\sockshop\data\sockshop_mesh_business\mesh_e4\run01
sockshop_mesh_business,mesh_e5,run01,catalogue,2,random_expected,6,expected,0.3333333333333333,0.8333333333333334,0.6428571428571429,random permutation,,D:\project\homework\sockshop\data\sockshop_mesh_business\mesh_e5\run01
sockshop_mesh_business,mesh_e5,run01,catalogue,2,dycause,6,,0.0,0.0,0.0,,,D:\project\homework\sockshop\data\sockshop_mesh_business\mesh_e5\run01
sockshop_mesh_business,mesh_e5,run01,catalogue,2,pearson_entry_abs,6,1,1.0,1.0,1.0,catalogue > carts > orders > shipping > payment > user,0.9952201535101346,D:\project\homework\sockshop\data\sockshop_mesh_business\mesh_e5\run01
sockshop_mesh_business,mesh_e5,run01,catalogue,2,anomaly_z_mean_shift,6,1,1.0,1.0,1.0,catalogue > carts > orders > payment > shipping > user,4.768767162747092,D:\project\homework\sockshop\data\sockshop_mesh_business\mesh_e5\run01
sockshop_mesh_extended,el_e1,run01,payment,5,random_expected,6,expected,0.3333333333333333,0.8333333333333334,0.6428571428571429,random permutation,,D:\project\homework\sockshop\data\sockshop_mesh_extended\el_e1\run01
sockshop_mesh_extended,el_e1,run01,payment,5,dycause,6,,0.0,0.0,0.0,,,D:\project\homework\sockshop\data\sockshop_mesh_extended\el_e1\run01
sockshop_mesh_extended,el_e1,run01,payment,5,pearson_entry_abs,6,2,1.0,1.0,0.8571,user > payment > catalogue > carts > orders > shipping,0.5842599517571073,D:\project\homework\sockshop\data\sockshop_mesh_extended\el_e1\run01
sockshop_mesh_extended,el_e1,run01,payment,5,anomaly_z_mean_shift,6,5,0.0,1.0,0.4286,carts > orders > catalogue > user > payment > shipping,0.4104447083492786,D:\project\homework\sockshop\data\sockshop_mesh_extended\el_e1\run01
sockshop_mesh_extended,el_e10,run01,orders,4,random_expected,6,expected,0.3333333333333333,0.8333333333333334,0.6428571428571429,random permutation,,D:\project\homework\sockshop\data\sockshop_mesh_extended\el_e10\run01
sockshop_mesh_extended,el_e10,run01,orders,4,dycause,6,,0.0,0.0,0.0,,,D:\project\homework\sockshop\data\sockshop_mesh_extended\el_e10\run01
sockshop_mesh_extended,el_e10,run01,orders,4,pearson_entry_abs,6,3,0.0,1.0,0.7143,payment > catalogue > orders > carts > user > shipping,0.3907697891777074,D:\project\homework\sockshop\data\sockshop_mesh_extended\el_e10\run01
sockshop_mesh_extended,el_e10,run01,orders,4,anomaly_z_mean_shift,6,1,1.0,1.0,1.0,orders > catalogue > user > carts > shipping > payment,1.9217905836871498,D:\project\homework\sockshop\data\sockshop_mesh_extended\el_e10\run01
sockshop_mesh_extended,el_e11,run01,carts,3,random_expected,6,expected,0.3333333333333333,0.8333333333333334,0.6428571428571429,random permutation,,D:\project\homework\sockshop\data\sockshop_mesh_extended\el_e11\run01
sockshop_mesh_extended,el_e11,run01,carts,3,dycause,6,,0.0,0.0,0.0,,,D:\project\homework\sockshop\data\sockshop_mesh_extended\el_e11\run01
sockshop_mesh_extended,el_e11,run01,carts,3,pearson_entry_abs,6,6,0.0,0.0,0.2857,catalogue > user > payment > shipping > orders > carts,0.38112772085894037,D:\project\homework\sockshop\data\sockshop_mesh_extended\el_e11\run01
sockshop_mesh_extended,el_e11,run01,carts,3,anomaly_z_mean_shift,6,1,1.0,1.0,1.0,carts > catalogue > user > payment > orders > shipping,4.314914408274659,D:\project\homework\sockshop\data\sockshop_mesh_extended\el_e11\run01
sockshop_mesh_extended,el_e12,run01,carts,3,random_expected,6,expected,0.3333333333333333,0.8333333333333334,0.6428571428571429,random permutation,,D:\project\homework\sockshop\data\sockshop_mesh_extended\el_e12\run01
sockshop_mesh_extended,el_e12,run01,carts,3,dycause,6,,0.0,0.0,0.0,,,D:\project\homework\sockshop\data\sockshop_mesh_extended\el_e12\run01
sockshop_mesh_extended,el_e12,run01,carts,3,pearson_entry_abs,6,5,0.0,1.0,0.4286,orders > catalogue > user > payment > carts > shipping,0.16370006047929078,D:\project\homework\sockshop\data\sockshop_mesh_extended\el_e12\run01
sockshop_mesh_extended,el_e12,run01,carts,3,anomaly_z_mean_shift,6,1,1.0,1.0,1.0,carts > payment > catalogue > shipping > user > orders,2.341974408747369,D:\project\homework\sockshop\data\sockshop_mesh_extended\el_e12\run01
sockshop_mesh_extended,el_e13,run01,carts,3,random_expected,6,expected,0.3333333333333333,0.8333333333333334,0.6428571428571429,random permutation,,D:\project\homework\sockshop\data\sockshop_mesh_extended\el_e13\run01
sockshop_mesh_extended,el_e13,run01,carts,3,dycause,6,5,0.0,1.0,0.4286,,,D:\project\homework\sockshop\data\sockshop_mesh_extended\el_e13\run01
sockshop_mesh_extended,el_e13,run01,carts,3,pearson_entry_abs,6,6,0.0,0.0,0.2857,catalogue > user > orders > payment > shipping > carts,0.19789088613754605,D:\project\homework\sockshop\data\sockshop_mesh_extended\el_e13\run01
sockshop_mesh_extended,el_e13,run01,carts,3,anomaly_z_mean_shift,6,6,0.0,0.0,0.2857,orders > user > shipping > payment > catalogue > carts,0.15296827425408724,D:\project\homework\sockshop\data\sockshop_mesh_extended\el_e13\run01
sockshop_mesh_extended,el_e13,run02,carts,3,random_expected,6,expected,0.3333333333333333,0.8333333333333334,0.6428571428571429,random permutation,,D:\project\homework\sockshop\data\sockshop_mesh_extended\el_e13\run02
sockshop_mesh_extended,el_e13,run02,carts,3,dycause,6,,0.0,0.0,0.0,,,D:\project\homework\sockshop\data\sockshop_mesh_extended\el_e13\run02
sockshop_mesh_extended,el_e13,run02,carts,3,pearson_entry_abs,6,5,0.0,1.0,0.4286,orders > shipping > catalogue > user > carts > payment,0.22892813230220696,D:\project\homework\sockshop\data\sockshop_mesh_extended\el_e13\run02
sockshop_mesh_extended,el_e13,run02,carts,3,anomaly_z_mean_shift,6,1,1.0,1.0,1.0,carts > user > shipping > catalogue > orders > payment,1.0331149965930173,D:\project\homework\sockshop\data\sockshop_mesh_extended\el_e13\run02
sockshop_mesh_extended,el_e13,run03,carts,3,random_expected,6,expected,0.3333333333333333,0.8333333333333334,0.6428571428571429,random permutation,,D:\project\homework\sockshop\data\sockshop_mesh_extended\el_e13\run03
sockshop_mesh_extended,el_e13,run03,carts,3,dycause,6,1,1.0,1.0,1.0,,,D:\project\homework\sockshop\data\sockshop_mesh_extended\el_e13\run03
sockshop_mesh_extended,el_e13,run03,carts,3,pearson_entry_abs,6,4,0.0,1.0,0.5714,orders > user > catalogue > carts > shipping > payment,0.280348063384101,D:\project\homework\sockshop\data\sockshop_mesh_extended\el_e13\run03
sockshop_mesh_extended,el_e13,run03,carts,3,anomaly_z_mean_shift,6,1,1.0,1.0,1.0,carts > payment > shipping > catalogue > user > orders,1.016299792195634,D:\project\homework\sockshop\data\sockshop_mesh_extended\el_e13\run03
sockshop_mesh_extended,el_e13,run04,carts,3,random_expected,6,expected,0.3333333333333333,0.8333333333333334,0.6428571428571429,random permutation,,D:\project\homework\sockshop\data\sockshop_mesh_extended\el_e13\run04
sockshop_mesh_extended,el_e13,run04,carts,3,dycause,6,,0.0,0.0,0.0,,,D:\project\homework\sockshop\data\sockshop_mesh_extended\el_e13\run04
sockshop_mesh_extended,el_e13,run04,carts,3,pearson_entry_abs,6,6,0.0,0.0,0.2857,catalogue > user > payment > shipping > orders > carts,0.31644990744844176,D:\project\homework\sockshop\data\sockshop_mesh_extended\el_e13\run04
sockshop_mesh_extended,el_e13,run04,carts,3,anomaly_z_mean_shift,6,6,0.0,0.0,0.2857,payment > user > shipping > orders > catalogue > carts,0.03791488632997264,D:\project\homework\sockshop\data\sockshop_mesh_extended\el_e13\run04
sockshop_mesh_extended,el_e13,run05,carts,3,random_expected,6,expected,0.3333333333333333,0.8333333333333334,0.6428571428571429,random permutation,,D:\project\homework\sockshop\data\sockshop_mesh_extended\el_e13\run05
sockshop_mesh_extended,el_e13,run05,carts,3,dycause,6,6,0.0,0.0,0.2857,,,D:\project\homework\sockshop\data\sockshop_mesh_extended\el_e13\run05
sockshop_mesh_extended,el_e13,run05,carts,3,pearson_entry_abs,6,6,0.0,0.0,0.2857,orders > shipping > user > catalogue > payment > carts,0.22397011586788104,D:\project\homework\sockshop\data\sockshop_mesh_extended\el_e13\run05
sockshop_mesh_extended,el_e13,run05,carts,3,anomaly_z_mean_shift,6,5,0.0,1.0,0.4286,payment > catalogue > user > shipping > carts > orders,0.08626694062263342,D:\project\homework\sockshop\data\sockshop_mesh_extended\el_e13\run05
sockshop_mesh_extended,el_e13,run06,carts,3,random_expected,6,expected,0.3333333333333333,0.8333333333333334,0.6428571428571429,random permutation,,D:\project\homework\sockshop\data\sockshop_mesh_extended\el_e13\run06
sockshop_mesh_extended,el_e13,run06,carts,3,dycause,6,,0.0,0.0,0.0,,,D:\project\homework\sockshop\data\sockshop_mesh_extended\el_e13\run06
sockshop_mesh_extended,el_e13,run06,carts,3,pearson_entry_abs,6,6,0.0,0.0,0.2857,catalogue > orders > payment > user > shipping > carts,0.7237355568216498,D:\project\homework\sockshop\data\sockshop_mesh_extended\el_e13\run06
sockshop_mesh_extended,el_e13,run06,carts,3,anomaly_z_mean_shift,6,3,0.0,1.0,0.7143,payment > catalogue > carts > orders > user > shipping,0.979347736805379,D:\project\homework\sockshop\data\sockshop_mesh_extended\el_e13\run06
sockshop_mesh_extended,el_e13,run07,carts,3,random_expected,6,expected,0.3333333333333333,0.8333333333333334,0.6428571428571429,random permutation,,D:\project\homework\sockshop\data\sockshop_mesh_extended\el_e13\run07
sockshop_mesh_extended,el_e13,run07,carts,3,dycause,6,2,1.0,1.0,0.8571,,,D:\project\homework\sockshop\data\sockshop_mesh_extended\el_e13\run07
sockshop_mesh_extended,el_e13,run07,carts,3,pearson_entry_abs,6,6,0.0,0.0,0.2857,user > orders > payment > catalogue > shipping > carts,0.3975947458641905,D:\project\homework\sockshop\data\sockshop_mesh_extended\el_e13\run07
sockshop_mesh_extended,el_e13,run07,carts,3,anomaly_z_mean_shift,6,1,1.0,1.0,1.0,carts > shipping > user > catalogue > payment > orders,0.9796222353101395,D:\project\homework\sockshop\data\sockshop_mesh_extended\el_e13\run07
sockshop_mesh_extended,el_e13,run08,carts,3,random_expected,6,expected,0.3333333333333333,0.8333333333333334,0.6428571428571429,random permutation,,D:\project\homework\sockshop\data\sockshop_mesh_extended\el_e13\run08
sockshop_mesh_extended,el_e13,run08,carts,3,dycause,6,,0.0,0.0,0.0,,,D:\project\homework\sockshop\data\sockshop_mesh_extended\el_e13\run08
sockshop_mesh_extended,el_e13,run08,carts,3,pearson_entry_abs,6,5,0.0,1.0,0.4286,orders > catalogue > user > payment > carts > shipping,0.4050142562418085,D:\project\homework\sockshop\data\sockshop_mesh_extended\el_e13\run08
sockshop_mesh_extended,el_e13,run08,carts,3,anomaly_z_mean_shift,6,2,1.0,1.0,0.8571,user > carts > shipping > orders > payment > catalogue,0.3598649778072197,D:\project\homework\sockshop\data\sockshop_mesh_extended\el_e13\run08
sockshop_mesh_extended,el_e13,run09,carts,3,random_expected,6,expected,0.3333333333333333,0.8333333333333334,0.6428571428571429,random permutation,,D:\project\homework\sockshop\data\sockshop_mesh_extended\el_e13\run09
sockshop_mesh_extended,el_e13,run09,carts,3,dycause,6,,0.0,0.0,0.0,,,D:\project\homework\sockshop\data\sockshop_mesh_extended\el_e13\run09
sockshop_mesh_extended,el_e13,run09,carts,3,pearson_entry_abs,6,6,0.0,0.0,0.2857,user > payment > orders > shipping > catalogue > carts,0.6312777003110848,D:\project\homework\sockshop\data\sockshop_mesh_extended\el_e13\run09
sockshop_mesh_extended,el_e13,run09,carts,3,anomaly_z_mean_shift,6,6,0.0,0.0,0.2857,user > shipping > payment > catalogue > orders > carts,0.03923617195370763,D:\project\homework\sockshop\data\sockshop_mesh_extended\el_e13\run09
sockshop_mesh_extended,el_e13,run10,carts,3,random_expected,6,expected,0.3333333333333333,0.8333333333333334,0.6428571428571429,random permutation,,D:\project\homework\sockshop\data\sockshop_mesh_extended\el_e13\run10
sockshop_mesh_extended,el_e13,run10,carts,3,dycause,6,,0.0,0.0,0.0,,,D:\project\homework\sockshop\data\sockshop_mesh_extended\el_e13\run10
sockshop_mesh_extended,el_e13,run10,carts,3,pearson_entry_abs,6,4,0.0,1.0,0.5714,user > orders > catalogue > carts > shipping > payment,0.48927745356248964,D:\project\homework\sockshop\data\sockshop_mesh_extended\el_e13\run10
sockshop_mesh_extended,el_e13,run10,carts,3,anomaly_z_mean_shift,6,1,1.0,1.0,1.0,carts > catalogue > orders > shipping > payment > user,0.5104136415845559,D:\project\homework\sockshop\data\sockshop_mesh_extended\el_e13\run10
sockshop_mesh_extended,el_e14,run01,carts,3,random_expected,6,expected,0.3333333333333333,0.8333333333333334,0.6428571428571429,random permutation,,D:\project\homework\sockshop\data\sockshop_mesh_extended\el_e14\run01
sockshop_mesh_extended,el_e14,run01,carts,3,dycause,6,,0.0,0.0,0.0,,,D:\project\homework\sockshop\data\sockshop_mesh_extended\el_e14\run01
sockshop_mesh_extended,el_e14,run01,carts,3,pearson_entry_abs,6,3,0.0,1.0,0.7143,payment > shipping > carts > orders > user > catalogue,0.5354452341940314,D:\project\homework\sockshop\data\sockshop_mesh_extended\el_e14\run01
sockshop_mesh_extended,el_e14,run01,carts,3,anomaly_z_mean_shift,6,2,1.0,1.0,0.8571,shipping > carts > catalogue > user > orders > payment,0.44484110463475307,D:\project\homework\sockshop\data\sockshop_mesh_extended\el_e14\run01
sockshop_mesh_extended,el_e15,run01,carts,3,random_expected,6,expected,0.3333333333333333,0.8333333333333334,0.6428571428571429,random permutation,,D:\project\homework\sockshop\data\sockshop_mesh_extended\el_e15\run01
sockshop_mesh_extended,el_e15,run01,carts,3,dycause,6,,0.0,0.0,0.0,,,D:\project\homework\sockshop\data\sockshop_mesh_extended\el_e15\run01
sockshop_mesh_extended,el_e15,run01,carts,3,pearson_entry_abs,6,5,0.0,1.0,0.4286,catalogue > user > payment > orders > carts > shipping,0.6196642839737075,D:\project\homework\sockshop\data\sockshop_mesh_extended\el_e15\run01
sockshop_mesh_extended,el_e15,run01,carts,3,anomaly_z_mean_shift,6,3,0.0,1.0,0.7143,orders > payment > carts > catalogue > user > shipping,0.49491901651902526,D:\project\homework\sockshop\data\sockshop_mesh_extended\el_e15\run01
sockshop_mesh_extended,el_e16,run01,carts,3,random_expected,6,expected,0.3333333333333333,0.8333333333333334,0.6428571428571429,random permutation,,D:\project\homework\sockshop\data\sockshop_mesh_extended\el_e16\run01
sockshop_mesh_extended,el_e16,run01,carts,3,dycause,6,6,0.0,0.0,0.2857,,,D:\project\homework\sockshop\data\sockshop_mesh_extended\el_e16\run01
sockshop_mesh_extended,el_e16,run01,carts,3,pearson_entry_abs,6,6,0.0,0.0,0.2857,user > orders > catalogue > shipping > payment > carts,0.10576047008616402,D:\project\homework\sockshop\data\sockshop_mesh_extended\el_e16\run01
sockshop_mesh_extended,el_e16,run01,carts,3,anomaly_z_mean_shift,6,1,1.0,1.0,1.0,carts > shipping > user > payment > catalogue > orders,1.836377125561466,D:\project\homework\sockshop\data\sockshop_mesh_extended\el_e16\run01
sockshop_mesh_extended,el_e2,run01,payment,5,random_expected,6,expected,0.3333333333333333,0.8333333333333334,0.6428571428571429,random permutation,,D:\project\homework\sockshop\data\sockshop_mesh_extended\el_e2\run01
sockshop_mesh_extended,el_e2,run01,payment,5,dycause,6,1,1.0,1.0,1.0,,,D:\project\homework\sockshop\data\sockshop_mesh_extended\el_e2\run01
sockshop_mesh_extended,el_e2,run01,payment,5,pearson_entry_abs,6,2,1.0,1.0,0.8571,catalogue > payment > user > shipping > carts > orders,0.7784027685322389,D:\project\homework\sockshop\data\sockshop_mesh_extended\el_e2\run01
sockshop_mesh_extended,el_e2,run01,payment,5,anomaly_z_mean_shift,6,4,0.0,1.0,0.5714,shipping > carts > user > payment > catalogue > orders,0.43238625029454475,D:\project\homework\sockshop\data\sockshop_mesh_extended\el_e2\run01
sockshop_mesh_extended,el_e2,run02,payment,5,random_expected,6,expected,0.3333333333333333,0.8333333333333334,0.6428571428571429,random permutation,,D:\project\homework\sockshop\data\sockshop_mesh_extended\el_e2\run02
sockshop_mesh_extended,el_e2,run02,payment,5,dycause,6,1,1.0,1.0,1.0,,,D:\project\homework\sockshop\data\sockshop_mesh_extended\el_e2\run02
sockshop_mesh_extended,el_e2,run02,payment,5,pearson_entry_abs,6,4,0.0,1.0,0.5714,catalogue > orders > user > payment > carts > shipping,0.8926380368998026,D:\project\homework\sockshop\data\sockshop_mesh_extended\el_e2\run02
sockshop_mesh_extended,el_e2,run02,payment,5,anomaly_z_mean_shift,6,5,0.0,1.0,0.4286,shipping > orders > carts > catalogue > payment > user,0.41491403973225943,D:\project\homework\sockshop\data\sockshop_mesh_extended\el_e2\run02
sockshop_mesh_extended,el_e2,run03,payment,5,random_expected,6,expected,0.3333333333333333,0.8333333333333334,0.6428571428571429,random permutation,,D:\project\homework\sockshop\data\sockshop_mesh_extended\el_e2\run03
sockshop_mesh_extended,el_e2,run03,payment,5,dycause,6,,0.0,0.0,0.0,,,D:\project\homework\sockshop\data\sockshop_mesh_extended\el_e2\run03
sockshop_mesh_extended,el_e2,run03,payment,5,pearson_entry_abs,6,5,0.0,1.0,0.4286,shipping > carts > orders > user > payment > catalogue,0.30598858006807117,D:\project\homework\sockshop\data\sockshop_mesh_extended\el_e2\run03
sockshop_mesh_extended,el_e2,run03,payment,5,anomaly_z_mean_shift,6,2,1.0,1.0,0.8571,user > payment > orders > shipping > catalogue > carts,1.8215642244051502,D:\project\homework\sockshop\data\sockshop_mesh_extended\el_e2\run03
sockshop_mesh_extended,el_e2,run04,payment,5,random_expected,6,expected,0.3333333333333333,0.8333333333333334,0.6428571428571429,random permutation,,D:\project\homework\sockshop\data\sockshop_mesh_extended\el_e2\run04
sockshop_mesh_extended,el_e2,run04,payment,5,dycause,6,4,0.0,1.0,0.5714,,,D:\project\homework\sockshop\data\sockshop_mesh_extended\el_e2\run04
sockshop_mesh_extended,el_e2,run04,payment,5,pearson_entry_abs,6,4,0.0,1.0,0.5714,user > orders > catalogue > payment > shipping > carts,0.5684289381143324,D:\project\homework\sockshop\data\sockshop_mesh_extended\el_e2\run04
sockshop_mesh_extended,el_e2,run04,payment,5,anomaly_z_mean_shift,6,3,0.0,1.0,0.7143,orders > catalogue > payment > shipping > user > carts,0.6067743554859857,D:\project\homework\sockshop\data\sockshop_mesh_extended\el_e2\run04
sockshop_mesh_extended,el_e2,run05,payment,5,random_expected,6,expected,0.3333333333333333,0.8333333333333334,0.6428571428571429,random permutation,,D:\project\homework\sockshop\data\sockshop_mesh_extended\el_e2\run05
sockshop_mesh_extended,el_e2,run05,payment,5,dycause,6,2,1.0,1.0,0.8571,,,D:\project\homework\sockshop\data\sockshop_mesh_extended\el_e2\run05
sockshop_mesh_extended,el_e2,run05,payment,5,pearson_entry_abs,6,2,1.0,1.0,0.8571,catalogue > payment > orders > user > carts > shipping,0.41147697847526893,D:\project\homework\sockshop\data\sockshop_mesh_extended\el_e2\run05
sockshop_mesh_extended,el_e2,run05,payment,5,anomaly_z_mean_shift,6,1,1.0,1.0,1.0,payment > carts > catalogue > orders > user > shipping,0.30478876325367993,D:\project\homework\sockshop\data\sockshop_mesh_extended\el_e2\run05
sockshop_mesh_extended,el_e2,run06,payment,5,random_expected,6,expected,0.3333333333333333,0.8333333333333334,0.6428571428571429,random permutation,,D:\project\homework\sockshop\data\sockshop_mesh_extended\el_e2\run06
sockshop_mesh_extended,el_e2,run06,payment,5,dycause,6,4,0.0,1.0,0.5714,,,D:\project\homework\sockshop\data\sockshop_mesh_extended\el_e2\run06
sockshop_mesh_extended,el_e2,run06,payment,5,pearson_entry_abs,6,2,1.0,1.0,0.8571,user > payment > carts > orders > catalogue > shipping,0.82909239301161,D:\project\homework\sockshop\data\sockshop_mesh_extended\el_e2\run06
sockshop_mesh_extended,el_e2,run06,payment,5,anomaly_z_mean_shift,6,2,1.0,1.0,0.8571,carts > payment > shipping > user > orders > catalogue,0.3492626309033562,D:\project\homework\sockshop\data\sockshop_mesh_extended\el_e2\run06
sockshop_mesh_extended,el_e2,run07,payment,5,random_expected,6,expected,0.3333333333333333,0.8333333333333334,0.6428571428571429,random permutation,,D:\project\homework\sockshop\data\sockshop_mesh_extended\el_e2\run07
sockshop_mesh_extended,el_e2,run07,payment,5,dycause,6,,0.0,0.0,0.0,,,D:\project\homework\sockshop\data\sockshop_mesh_extended\el_e2\run07
sockshop_mesh_extended,el_e2,run07,payment,5,pearson_entry_abs,6,2,1.0,1.0,0.8571,catalogue > payment > shipping > orders > user > carts,0.6463439377021817,D:\project\homework\sockshop\data\sockshop_mesh_extended\el_e2\run07
sockshop_mesh_extended,el_e2,run07,payment,5,anomaly_z_mean_shift,6,2,1.0,1.0,0.8571,shipping > payment > orders > catalogue > carts > user,0.16947093788933185,D:\project\homework\sockshop\data\sockshop_mesh_extended\el_e2\run07
sockshop_mesh_extended,el_e2,run08,payment,5,random_expected,6,expected,0.3333333333333333,0.8333333333333334,0.6428571428571429,random permutation,,D:\project\homework\sockshop\data\sockshop_mesh_extended\el_e2\run08
sockshop_mesh_extended,el_e2,run08,payment,5,dycause,6,,0.0,0.0,0.0,,,D:\project\homework\sockshop\data\sockshop_mesh_extended\el_e2\run08
sockshop_mesh_extended,el_e2,run08,payment,5,pearson_entry_abs,6,2,1.0,1.0,0.8571,orders > payment > shipping > catalogue > carts > user,0.7738831690381545,D:\project\homework\sockshop\data\sockshop_mesh_extended\el_e2\run08
sockshop_mesh_extended,el_e2,run08,payment,5,anomaly_z_mean_shift,6,1,1.0,1.0,1.0,payment > catalogue > user > shipping > orders > carts,1.543477743575726,D:\project\homework\sockshop\data\sockshop_mesh_extended\el_e2\run08
sockshop_mesh_extended,el_e2,run09,payment,5,random_expected,6,expected,0.3333333333333333,0.8333333333333334,0.6428571428571429,random permutation,,D:\project\homework\sockshop\data\sockshop_mesh_extended\el_e2\run09
sockshop_mesh_extended,el_e2,run09,payment,5,dycause,6,,0.0,0.0,0.0,,,D:\project\homework\sockshop\data\sockshop_mesh_extended\el_e2\run09
sockshop_mesh_extended,el_e2,run09,payment,5,pearson_entry_abs,6,2,1.0,1.0,0.8571,user > payment > orders > catalogue > shipping > carts,0.8499699840967366,D:\project\homework\sockshop\data\sockshop_mesh_extended\el_e2\run09
sockshop_mesh_extended,el_e2,run09,payment,5,anomaly_z_mean_shift,6,4,0.0,1.0,0.5714,carts > catalogue > user > payment > orders > shipping,0.5274689426278234,D:\project\homework\sockshop\data\sockshop_mesh_extended\el_e2\run09
sockshop_mesh_extended,el_e2,run10,payment,5,random_expected,6,expected,0.3333333333333333,0.8333333333333334,0.6428571428571429,random permutation,,D:\project\homework\sockshop\data\sockshop_mesh_extended\el_e2\run10
sockshop_mesh_extended,el_e2,run10,payment,5,dycause,6,,0.0,0.0,0.0,,,D:\project\homework\sockshop\data\sockshop_mesh_extended\el_e2\run10
sockshop_mesh_extended,el_e2,run10,payment,5,pearson_entry_abs,6,6,0.0,0.0,0.2857,carts > catalogue > user > shipping > orders > payment,0.5133978716039078,D:\project\homework\sockshop\data\sockshop_mesh_extended\el_e2\run10
sockshop_mesh_extended,el_e2,run10,payment,5,anomaly_z_mean_shift,6,4,0.0,1.0,0.5714,carts > shipping > user > payment > catalogue > orders,0.1517547999873615,D:\project\homework\sockshop\data\sockshop_mesh_extended\el_e2\run10
sockshop_mesh_extended,el_e3,run01,payment,5,random_expected,6,expected,0.3333333333333333,0.8333333333333334,0.6428571428571429,random permutation,,D:\project\homework\sockshop\data\sockshop_mesh_extended\el_e3\run01
sockshop_mesh_extended,el_e3,run01,payment,5,dycause,6,,0.0,0.0,0.0,,,D:\project\homework\sockshop\data\sockshop_mesh_extended\el_e3\run01
sockshop_mesh_extended,el_e3,run01,payment,5,pearson_entry_abs,6,2,1.0,1.0,0.8571,catalogue > payment > orders > user > shipping > carts,0.31026092447009557,D:\project\homework\sockshop\data\sockshop_mesh_extended\el_e3\run01
sockshop_mesh_extended,el_e3,run01,payment,5,anomaly_z_mean_shift,6,6,0.0,0.0,0.2857,carts > shipping > orders > user > catalogue > payment,0.026359694080851932,D:\project\homework\sockshop\data\sockshop_mesh_extended\el_e3\run01
sockshop_mesh_extended,el_e4,run01,payment,5,random_expected,6,expected,0.3333333333333333,0.8333333333333334,0.6428571428571429,random permutation,,D:\project\homework\sockshop\data\sockshop_mesh_extended\el_e4\run01
sockshop_mesh_extended,el_e4,run01,payment,5,dycause,6,4,0.0,1.0,0.5714,,,D:\project\homework\sockshop\data\sockshop_mesh_extended\el_e4\run01
sockshop_mesh_extended,el_e4,run01,payment,5,pearson_entry_abs,6,2,1.0,1.0,0.8571,catalogue > payment > user > orders > carts > shipping,0.7527075772073113,D:\project\homework\sockshop\data\sockshop_mesh_extended\el_e4\run01
sockshop_mesh_extended,el_e4,run01,payment,5,anomaly_z_mean_shift,6,1,1.0,1.0,1.0,payment > user > catalogue > orders > carts > shipping,7.457869278665182,D:\project\homework\sockshop\data\sockshop_mesh_extended\el_e4\run01
sockshop_mesh_extended,el_e4,run02,payment,5,random_expected,6,expected,0.3333333333333333,0.8333333333333334,0.6428571428571429,random permutation,,D:\project\homework\sockshop\data\sockshop_mesh_extended\el_e4\run02
sockshop_mesh_extended,el_e4,run02,payment,5,dycause,6,3,0.0,1.0,0.7143,,,D:\project\homework\sockshop\data\sockshop_mesh_extended\el_e4\run02
sockshop_mesh_extended,el_e4,run02,payment,5,pearson_entry_abs,6,6,0.0,0.0,0.2857,shipping > catalogue > user > orders > carts > payment,0.08869583043570477,D:\project\homework\sockshop\data\sockshop_mesh_extended\el_e4\run02
sockshop_mesh_extended,el_e4,run02,payment,5,anomaly_z_mean_shift,6,1,1.0,1.0,1.0,payment > carts > orders > user > catalogue > shipping,3.6168340316199776,D:\project\homework\sockshop\data\sockshop_mesh_extended\el_e4\run02
sockshop_mesh_extended,el_e4,run03,payment,5,random_expected,6,expected,0.3333333333333333,0.8333333333333334,0.6428571428571429,random permutation,,D:\project\homework\sockshop\data\sockshop_mesh_extended\el_e4\run03
sockshop_mesh_extended,el_e4,run03,payment,5,dycause,6,,0.0,0.0,0.0,,,D:\project\homework\sockshop\data\sockshop_mesh_extended\el_e4\run03
sockshop_mesh_extended,el_e4,run03,payment,5,pearson_entry_abs,6,6,0.0,0.0,0.2857,orders > user > shipping > catalogue > carts > payment,0.23650703035504228,D:\project\homework\sockshop\data\sockshop_mesh_extended\el_e4\run03
sockshop_mesh_extended,el_e4,run03,payment,5,anomaly_z_mean_shift,6,1,1.0,1.0,1.0,payment > carts > user > catalogue > orders > shipping,4.282357227729476,D:\project\homework\sockshop\data\sockshop_mesh_extended\el_e4\run03
sockshop_mesh_extended,el_e4,run04,payment,5,random_expected,6,expected,0.3333333333333333,0.8333333333333334,0.6428571428571429,random permutation,,D:\project\homework\sockshop\data\sockshop_mesh_extended\el_e4\run04
sockshop_mesh_extended,el_e4,run04,payment,5,dycause,6,,0.0,0.0,0.0,,,D:\project\homework\sockshop\data\sockshop_mesh_extended\el_e4\run04
sockshop_mesh_extended,el_e4,run04,payment,5,pearson_entry_abs,6,6,0.0,0.0,0.2857,catalogue > orders > user > shipping > carts > payment,0.3954481052602788,D:\project\homework\sockshop\data\sockshop_mesh_extended\el_e4\run04
sockshop_mesh_extended,el_e4,run04,payment,5,anomaly_z_mean_shift,6,1,1.0,1.0,1.0,payment > catalogue > shipping > user > carts > orders,1.0085946689665963,D:\project\homework\sockshop\data\sockshop_mesh_extended\el_e4\run04
sockshop_mesh_extended,el_e4,run05,payment,5,random_expected,6,expected,0.3333333333333333,0.8333333333333334,0.6428571428571429,random permutation,,D:\project\homework\sockshop\data\sockshop_mesh_extended\el_e4\run05
sockshop_mesh_extended,el_e4,run05,payment,5,dycause,6,4,0.0,1.0,0.5714,,,D:\project\homework\sockshop\data\sockshop_mesh_extended\el_e4\run05
sockshop_mesh_extended,el_e4,run05,payment,5,pearson_entry_abs,6,5,0.0,1.0,0.4286,user > orders > carts > catalogue > payment > shipping,0.5744021404923535,D:\project\homework\sockshop\data\sockshop_mesh_extended\el_e4\run05
sockshop_mesh_extended,el_e4,run05,payment,5,anomaly_z_mean_shift,6,1,1.0,1.0,1.0,payment > user > shipping > catalogue > orders > carts,2.3828886714159716,D:\project\homework\sockshop\data\sockshop_mesh_extended\el_e4\run05
sockshop_mesh_extended,el_e4,run06,payment,5,random_expected,6,expected,0.3333333333333333,0.8333333333333334,0.6428571428571429,random permutation,,D:\project\homework\sockshop\data\sockshop_mesh_extended\el_e4\run06
sockshop_mesh_extended,el_e4,run06,payment,5,dycause,6,,0.0,0.0,0.0,,,D:\project\homework\sockshop\data\sockshop_mesh_extended\el_e4\run06
sockshop_mesh_extended,el_e4,run06,payment,5,pearson_entry_abs,6,6,0.0,0.0,0.2857,orders > shipping > user > catalogue > carts > payment,0.21738457014437174,D:\project\homework\sockshop\data\sockshop_mesh_extended\el_e4\run06
sockshop_mesh_extended,el_e4,run06,payment,5,anomaly_z_mean_shift,6,1,1.0,1.0,1.0,payment > carts > orders > shipping > user > catalogue,1.7050427538762476,D:\project\homework\sockshop\data\sockshop_mesh_extended\el_e4\run06
sockshop_mesh_extended,el_e4,run07,payment,5,random_expected,6,expected,0.3333333333333333,0.8333333333333334,0.6428571428571429,random permutation,,D:\project\homework\sockshop\data\sockshop_mesh_extended\el_e4\run07
sockshop_mesh_extended,el_e4,run07,payment,5,dycause,6,6,0.0,0.0,0.2857,,,D:\project\homework\sockshop\data\sockshop_mesh_extended\el_e4\run07
sockshop_mesh_extended,el_e4,run07,payment,5,pearson_entry_abs,6,6,0.0,0.0,0.2857,catalogue > orders > carts > user > shipping > payment,0.1372332534852155,D:\project\homework\sockshop\data\sockshop_mesh_extended\el_e4\run07
sockshop_mesh_extended,el_e4,run07,payment,5,anomaly_z_mean_shift,6,1,1.0,1.0,1.0,payment > catalogue > carts > orders > user > shipping,4.562285604975007,D:\project\homework\sockshop\data\sockshop_mesh_extended\el_e4\run07
sockshop_mesh_extended,el_e4,run08,payment,5,random_expected,6,expected,0.3333333333333333,0.8333333333333334,0.6428571428571429,random permutation,,D:\project\homework\sockshop\data\sockshop_mesh_extended\el_e4\run08
sockshop_mesh_extended,el_e4,run08,payment,5,dycause,6,7,0.0,0.0,0.1429,,,D:\project\homework\sockshop\data\sockshop_mesh_extended\el_e4\run08
sockshop_mesh_extended,el_e4,run08,payment,5,pearson_entry_abs,6,6,0.0,0.0,0.2857,user > catalogue > carts > orders > shipping > payment,0.4804593067734545,D:\project\homework\sockshop\data\sockshop_mesh_extended\el_e4\run08
sockshop_mesh_extended,el_e4,run08,payment,5,anomaly_z_mean_shift,6,1,1.0,1.0,1.0,payment > catalogue > orders > user > carts > shipping,4.280016084142789,D:\project\homework\sockshop\data\sockshop_mesh_extended\el_e4\run08
sockshop_mesh_extended,el_e4,run09,payment,5,random_expected,6,expected,0.3333333333333333,0.8333333333333334,0.6428571428571429,random permutation,,D:\project\homework\sockshop\data\sockshop_mesh_extended\el_e4\run09
sockshop_mesh_extended,el_e4,run09,payment,5,dycause,6,7,0.0,0.0,0.1429,,,D:\project\homework\sockshop\data\sockshop_mesh_extended\el_e4\run09
sockshop_mesh_extended,el_e4,run09,payment,5,pearson_entry_abs,6,6,0.0,0.0,0.2857,catalogue > carts > shipping > orders > user > payment,0.38151151573791425,D:\project\homework\sockshop\data\sockshop_mesh_extended\el_e4\run09
sockshop_mesh_extended,el_e4,run09,payment,5,anomaly_z_mean_shift,6,1,1.0,1.0,1.0,payment > orders > carts > catalogue > shipping > user,3.609909341833789,D:\project\homework\sockshop\data\sockshop_mesh_extended\el_e4\run09
sockshop_mesh_extended,el_e4,run10,payment,5,random_expected,6,expected,0.3333333333333333,0.8333333333333334,0.6428571428571429,random permutation,,D:\project\homework\sockshop\data\sockshop_mesh_extended\el_e4\run10
sockshop_mesh_extended,el_e4,run10,payment,5,dycause,6,,0.0,0.0,0.0,,,D:\project\homework\sockshop\data\sockshop_mesh_extended\el_e4\run10
sockshop_mesh_extended,el_e4,run10,payment,5,pearson_entry_abs,6,6,0.0,0.0,0.2857,catalogue > orders > user > shipping > carts > payment,0.48504003304317667,D:\project\homework\sockshop\data\sockshop_mesh_extended\el_e4\run10
sockshop_mesh_extended,el_e4,run10,payment,5,anomaly_z_mean_shift,6,1,1.0,1.0,1.0,payment > orders > user > catalogue > shipping > carts,5.283567151844648,D:\project\homework\sockshop\data\sockshop_mesh_extended\el_e4\run10
sockshop_mesh_extended,el_e5,run01,orders,4,random_expected,6,expected,0.3333333333333333,0.8333333333333334,0.6428571428571429,random permutation,,D:\project\homework\sockshop\data\sockshop_mesh_extended\el_e5\run01
sockshop_mesh_extended,el_e5,run01,orders,4,dycause,6,1,1.0,1.0,1.0,,,D:\project\homework\sockshop\data\sockshop_mesh_extended\el_e5\run01
sockshop_mesh_extended,el_e5,run01,orders,4,pearson_entry_abs,6,3,0.0,1.0,0.7143,catalogue > user > orders > carts > payment > shipping,0.4968141168227684,D:\project\homework\sockshop\data\sockshop_mesh_extended\el_e5\run01
sockshop_mesh_extended,el_e5,run01,orders,4,anomaly_z_mean_shift,6,1,1.0,1.0,1.0,orders > payment > user > catalogue > carts > shipping,4.910688746800165,D:\project\homework\sockshop\data\sockshop_mesh_extended\el_e5\run01
sockshop_mesh_extended,el_e5,run02,orders,4,random_expected,6,expected,0.3333333333333333,0.8333333333333334,0.6428571428571429,random permutation,,D:\project\homework\sockshop\data\sockshop_mesh_extended\el_e5\run02
sockshop_mesh_extended,el_e5,run02,orders,4,dycause,6,,0.0,0.0,0.0,,,D:\project\homework\sockshop\data\sockshop_mesh_extended\el_e5\run02
sockshop_mesh_extended,el_e5,run02,orders,4,pearson_entry_abs,6,4,0.0,1.0,0.5714,user > catalogue > shipping > orders > payment > carts,0.6390396319146866,D:\project\homework\sockshop\data\sockshop_mesh_extended\el_e5\run02
sockshop_mesh_extended,el_e5,run02,orders,4,anomaly_z_mean_shift,6,2,1.0,1.0,0.8571,user > orders > catalogue > shipping > carts > payment,4.673416556944183,D:\project\homework\sockshop\data\sockshop_mesh_extended\el_e5\run02
sockshop_mesh_extended,el_e5,run03,orders,4,random_expected,6,expected,0.3333333333333333,0.8333333333333334,0.6428571428571429,random permutation,,D:\project\homework\sockshop\data\sockshop_mesh_extended\el_e5\run03
sockshop_mesh_extended,el_e5,run03,orders,4,dycause,6,5,0.0,1.0,0.4286,,,D:\project\homework\sockshop\data\sockshop_mesh_extended\el_e5\run03
sockshop_mesh_extended,el_e5,run03,orders,4,pearson_entry_abs,6,4,0.0,1.0,0.5714,catalogue > user > carts > orders > payment > shipping,0.5532630963452475,D:\project\homework\sockshop\data\sockshop_mesh_extended\el_e5\run03
sockshop_mesh_extended,el_e5,run03,orders,4,anomaly_z_mean_shift,6,1,1.0,1.0,1.0,orders > carts > payment > catalogue > shipping > user,5.415567076831424,D:\project\homework\sockshop\data\sockshop_mesh_extended\el_e5\run03
sockshop_mesh_extended,el_e5,run04,orders,4,random_expected,6,expected,0.3333333333333333,0.8333333333333334,0.6428571428571429,random permutation,,D:\project\homework\sockshop\data\sockshop_mesh_extended\el_e5\run04
sockshop_mesh_extended,el_e5,run04,orders,4,dycause,6,6,0.0,0.0,0.2857,,,D:\project\homework\sockshop\data\sockshop_mesh_extended\el_e5\run04
sockshop_mesh_extended,el_e5,run04,orders,4,pearson_entry_abs,6,5,0.0,1.0,0.4286,carts > catalogue > user > payment > orders > shipping,0.6303876105474889,D:\project\homework\sockshop\data\sockshop_mesh_extended\el_e5\run04
sockshop_mesh_extended,el_e5,run04,orders,4,anomaly_z_mean_shift,6,4,0.0,1.0,0.5714,carts > user > catalogue > orders > payment > shipping,4.647739978314171,D:\project\homework\sockshop\data\sockshop_mesh_extended\el_e5\run04
sockshop_mesh_extended,el_e5,run05,orders,4,random_expected,6,expected,0.3333333333333333,0.8333333333333334,0.6428571428571429,random permutation,,D:\project\homework\sockshop\data\sockshop_mesh_extended\el_e5\run05
sockshop_mesh_extended,el_e5,run05,orders,4,dycause,6,,0.0,0.0,0.0,,,D:\project\homework\sockshop\data\sockshop_mesh_extended\el_e5\run05
sockshop_mesh_extended,el_e5,run05,orders,4,pearson_entry_abs,6,5,0.0,1.0,0.4286,user > catalogue > shipping > payment > orders > carts,0.5292682751662475,D:\project\homework\sockshop\data\sockshop_mesh_extended\el_e5\run05
sockshop_mesh_extended,el_e5,run05,orders,4,anomaly_z_mean_shift,6,2,1.0,1.0,0.8571,carts > orders > user > shipping > catalogue > payment,0.34653792107055525,D:\project\homework\sockshop\data\sockshop_mesh_extended\el_e5\run05
sockshop_mesh_extended,el_e5,run06,orders,4,random_expected,6,expected,0.3333333333333333,0.8333333333333334,0.6428571428571429,random permutation,,D:\project\homework\sockshop\data\sockshop_mesh_extended\el_e5\run06
sockshop_mesh_extended,el_e5,run06,orders,4,dycause,6,,0.0,0.0,0.0,,,D:\project\homework\sockshop\data\sockshop_mesh_extended\el_e5\run06
sockshop_mesh_extended,el_e5,run06,orders,4,pearson_entry_abs,6,2,1.0,1.0,0.8571,user > orders > catalogue > payment > shipping > carts,0.68899579150656,D:\project\homework\sockshop\data\sockshop_mesh_extended\el_e5\run06
sockshop_mesh_extended,el_e5,run06,orders,4,anomaly_z_mean_shift,6,1,1.0,1.0,1.0,orders > carts > payment > user > catalogue > shipping,5.245404384043194,D:\project\homework\sockshop\data\sockshop_mesh_extended\el_e5\run06
sockshop_mesh_extended,el_e5,run07,orders,4,random_expected,6,expected,0.3333333333333333,0.8333333333333334,0.6428571428571429,random permutation,,D:\project\homework\sockshop\data\sockshop_mesh_extended\el_e5\run07
sockshop_mesh_extended,el_e5,run07,orders,4,dycause,6,2,1.0,1.0,0.8571,,,D:\project\homework\sockshop\data\sockshop_mesh_extended\el_e5\run07
sockshop_mesh_extended,el_e5,run07,orders,4,pearson_entry_abs,6,3,0.0,1.0,0.7143,catalogue > user > orders > payment > shipping > carts,0.6728146484707672,D:\project\homework\sockshop\data\sockshop_mesh_extended\el_e5\run07
sockshop_mesh_extended,el_e5,run07,orders,4,anomaly_z_mean_shift,6,1,1.0,1.0,1.0,orders > payment > carts > user > catalogue > shipping,2.0630854909571728,D:\project\homework\sockshop\data\sockshop_mesh_extended\el_e5\run07
sockshop_mesh_extended,el_e5,run08,orders,4,random_expected,6,expected,0.3333333333333333,0.8333333333333334,0.6428571428571429,random permutation,,D:\project\homework\sockshop\data\sockshop_mesh_extended\el_e5\run08
sockshop_mesh_extended,el_e5,run08,orders,4,dycause,6,3,0.0,1.0,0.7143,,,D:\project\homework\sockshop\data\sockshop_mesh_extended\el_e5\run08
sockshop_mesh_extended,el_e5,run08,orders,4,pearson_entry_abs,6,4,0.0,1.0,0.5714,user > catalogue > shipping > orders > payment > carts,0.8165156846323509,D:\project\homework\sockshop\data\sockshop_mesh_extended\el_e5\run08
sockshop_mesh_extended,el_e5,run08,orders,4,anomaly_z_mean_shift,6,3,0.0,1.0,0.7143,catalogue > user > orders > shipping > payment > carts,6.672309055127129,D:\project\homework\sockshop\data\sockshop_mesh_extended\el_e5\run08
sockshop_mesh_extended,el_e5,run09,orders,4,random_expected,6,expected,0.3333333333333333,0.8333333333333334,0.6428571428571429,random permutation,,D:\project\homework\sockshop\data\sockshop_mesh_extended\el_e5\run09
sockshop_mesh_extended,el_e5,run09,orders,4,dycause,6,3,0.0,1.0,0.7143,,,D:\project\homework\sockshop\data\sockshop_mesh_extended\el_e5\run09
sockshop_mesh_extended,el_e5,run09,orders,4,pearson_entry_abs,6,5,0.0,1.0,0.4286,payment > catalogue > user > carts > orders > shipping,0.5148835563586422,D:\project\homework\sockshop\data\sockshop_mesh_extended\el_e5\run09
sockshop_mesh_extended,el_e5,run09,orders,4,anomaly_z_mean_shift,6,1,1.0,1.0,1.0,orders > payment > catalogue > carts > shipping > user,2.019175839553582,D:\project\homework\sockshop\data\sockshop_mesh_extended\el_e5\run09
sockshop_mesh_extended,el_e5,run10,orders,4,random_expected,6,expected,0.3333333333333333,0.8333333333333334,0.6428571428571429,random permutation,,D:\project\homework\sockshop\data\sockshop_mesh_extended\el_e5\run10
sockshop_mesh_extended,el_e5,run10,orders,4,dycause,6,4,0.0,1.0,0.5714,,,D:\project\homework\sockshop\data\sockshop_mesh_extended\el_e5\run10
sockshop_mesh_extended,el_e5,run10,orders,4,pearson_entry_abs,6,3,0.0,1.0,0.7143,user > catalogue > orders > shipping > payment > carts,0.7081347941411592,D:\project\homework\sockshop\data\sockshop_mesh_extended\el_e5\run10
sockshop_mesh_extended,el_e5,run10,orders,4,anomaly_z_mean_shift,6,1,1.0,1.0,1.0,orders > user > catalogue > shipping > carts > payment,3.5511848534280093,D:\project\homework\sockshop\data\sockshop_mesh_extended\el_e5\run10
sockshop_mesh_extended,el_e6,run01,orders,4,random_expected,6,expected,0.3333333333333333,0.8333333333333334,0.6428571428571429,random permutation,,D:\project\homework\sockshop\data\sockshop_mesh_extended\el_e6\run01
sockshop_mesh_extended,el_e6,run01,orders,4,dycause,6,7,0.0,0.0,0.1429,,,D:\project\homework\sockshop\data\sockshop_mesh_extended\el_e6\run01
sockshop_mesh_extended,el_e6,run01,orders,4,pearson_entry_abs,6,6,0.0,0.0,0.2857,shipping > catalogue > user > payment > carts > orders,0.3921742941408826,D:\project\homework\sockshop\data\sockshop_mesh_extended\el_e6\run01
sockshop_mesh_extended,el_e6,run01,orders,4,anomaly_z_mean_shift,6,1,1.0,1.0,1.0,orders > carts > catalogue > user > shipping > payment,3.926235714849964,D:\project\homework\sockshop\data\sockshop_mesh_extended\el_e6\run01
sockshop_mesh_extended,el_e7,run01,orders,4,random_expected,6,expected,0.3333333333333333,0.8333333333333334,0.6428571428571429,random permutation,,D:\project\homework\sockshop\data\sockshop_mesh_extended\el_e7\run01
sockshop_mesh_extended,el_e7,run01,orders,4,dycause,6,,0.0,0.0,0.0,,,D:\project\homework\sockshop\data\sockshop_mesh_extended\el_e7\run01
sockshop_mesh_extended,el_e7,run01,orders,4,pearson_entry_abs,6,5,0.0,1.0,0.4286,user > catalogue > payment > shipping > orders > carts,0.5346447940216108,D:\project\homework\sockshop\data\sockshop_mesh_extended\el_e7\run01
sockshop_mesh_extended,el_e7,run01,orders,4,anomaly_z_mean_shift,6,5,0.0,1.0,0.4286,payment > catalogue > user > shipping > orders > carts,0.18764170855591686,D:\project\homework\sockshop\data\sockshop_mesh_extended\el_e7\run01
sockshop_mesh_extended,el_e8,run01,orders,4,random_expected,6,expected,0.3333333333333333,0.8333333333333334,0.6428571428571429,random permutation,,D:\project\homework\sockshop\data\sockshop_mesh_extended\el_e8\run01
sockshop_mesh_extended,el_e8,run01,orders,4,dycause,6,,0.0,0.0,0.0,,,D:\project\homework\sockshop\data\sockshop_mesh_extended\el_e8\run01
sockshop_mesh_extended,el_e8,run01,orders,4,pearson_entry_abs,6,1,1.0,1.0,1.0,orders > user > payment > carts > catalogue > shipping,0.508402133422364,D:\project\homework\sockshop\data\sockshop_mesh_extended\el_e8\run01
sockshop_mesh_extended,el_e8,run01,orders,4,anomaly_z_mean_shift,6,4,0.0,1.0,0.5714,shipping > carts > payment > orders > catalogue > user,0.16539035614742753,D:\project\homework\sockshop\data\sockshop_mesh_extended\el_e8\run01
sockshop_mesh_extended,el_e9,run01,orders,4,random_expected,6,expected,0.3333333333333333,0.8333333333333334,0.6428571428571429,random permutation,,D:\project\homework\sockshop\data\sockshop_mesh_extended\el_e9\run01
sockshop_mesh_extended,el_e9,run01,orders,4,dycause,6,,0.0,0.0,0.0,,,D:\project\homework\sockshop\data\sockshop_mesh_extended\el_e9\run01
sockshop_mesh_extended,el_e9,run01,orders,4,pearson_entry_abs,6,2,1.0,1.0,0.8571,user > orders > catalogue > payment > carts > shipping,0.23250131850407202,D:\project\homework\sockshop\data\sockshop_mesh_extended\el_e9\run01
sockshop_mesh_extended,el_e9,run01,orders,4,anomaly_z_mean_shift,6,1,1.0,1.0,1.0,orders > user > catalogue > shipping > carts > payment,1.0946788718855665,D:\project\homework\sockshop\data\sockshop_mesh_extended\el_e9\run01
sockshop_mesh_extended,mesh_e1,run01,payment,5,random_expected,6,expected,0.3333333333333333,0.8333333333333334,0.6428571428571429,random permutation,,D:\project\homework\sockshop\data\sockshop_mesh_extended\mesh_e1\run01
sockshop_mesh_extended,mesh_e1,run01,payment,5,dycause,6,2,1.0,1.0,0.8571,,,D:\project\homework\sockshop\data\sockshop_mesh_extended\mesh_e1\run01
sockshop_mesh_extended,mesh_e1,run01,payment,5,pearson_entry_abs,6,1,1.0,1.0,1.0,payment > carts > orders > user > catalogue > shipping,0.2140043901784635,D:\project\homework\sockshop\data\sockshop_mesh_extended\mesh_e1\run01
sockshop_mesh_extended,mesh_e1,run01,payment,5,anomaly_z_mean_shift,6,4,0.0,1.0,0.5714,shipping > catalogue > user > payment > carts > orders,0.20023837756688695,D:\project\homework\sockshop\data\sockshop_mesh_extended\mesh_e1\run01
sockshop_mesh_extended,mesh_e1,run02,payment,5,random_expected,6,expected,0.3333333333333333,0.8333333333333334,0.6428571428571429,random permutation,,D:\project\homework\sockshop\data\sockshop_mesh_extended\mesh_e1\run02
sockshop_mesh_extended,mesh_e1,run02,payment,5,dycause,6,1,1.0,1.0,1.0,,,D:\project\homework\sockshop\data\sockshop_mesh_extended\mesh_e1\run02
sockshop_mesh_extended,mesh_e1,run02,payment,5,pearson_entry_abs,6,2,1.0,1.0,0.8571,carts > payment > shipping > user > catalogue > orders,0.3119598547972591,D:\project\homework\sockshop\data\sockshop_mesh_extended\mesh_e1\run02
sockshop_mesh_extended,mesh_e1,run02,payment,5,anomaly_z_mean_shift,6,1,1.0,1.0,1.0,payment > catalogue > carts > orders > user > shipping,0.5532828371422738,D:\project\homework\sockshop\data\sockshop_mesh_extended\mesh_e1\run02
sockshop_mesh_extended,mesh_e1,run03,payment,5,random_expected,6,expected,0.3333333333333333,0.8333333333333334,0.6428571428571429,random permutation,,D:\project\homework\sockshop\data\sockshop_mesh_extended\mesh_e1\run03
sockshop_mesh_extended,mesh_e1,run03,payment,5,dycause,6,,0.0,0.0,0.0,,,D:\project\homework\sockshop\data\sockshop_mesh_extended\mesh_e1\run03
sockshop_mesh_extended,mesh_e1,run03,payment,5,pearson_entry_abs,6,4,0.0,1.0,0.5714,user > catalogue > orders > payment > carts > shipping,0.2446830170505661,D:\project\homework\sockshop\data\sockshop_mesh_extended\mesh_e1\run03
sockshop_mesh_extended,mesh_e1,run03,payment,5,anomaly_z_mean_shift,6,1,1.0,1.0,1.0,payment > catalogue > user > orders > carts > shipping,6.398076847509933,D:\project\homework\sockshop\data\sockshop_mesh_extended\mesh_e1\run03
sockshop_mesh_extended,mesh_e1,run04,payment,5,random_expected,6,expected,0.3333333333333333,0.8333333333333334,0.6428571428571429,random permutation,,D:\project\homework\sockshop\data\sockshop_mesh_extended\mesh_e1\run04
sockshop_mesh_extended,mesh_e1,run04,payment,5,dycause,6,1,1.0,1.0,1.0,,,D:\project\homework\sockshop\data\sockshop_mesh_extended\mesh_e1\run04
sockshop_mesh_extended,mesh_e1,run04,payment,5,pearson_entry_abs,6,3,0.0,1.0,0.7143,shipping > catalogue > payment > user > carts > orders,0.15964845900314506,D:\project\homework\sockshop\data\sockshop_mesh_extended\mesh_e1\run04
sockshop_mesh_extended,mesh_e1,run04,payment,5,anomaly_z_mean_shift,6,1,1.0,1.0,1.0,payment > carts > shipping > catalogue > user > orders,0.4735216481022339,D:\project\homework\sockshop\data\sockshop_mesh_extended\mesh_e1\run04
sockshop_mesh_extended,mesh_e1,run05,payment,5,random_expected,6,expected,0.3333333333333333,0.8333333333333334,0.6428571428571429,random permutation,,D:\project\homework\sockshop\data\sockshop_mesh_extended\mesh_e1\run05
sockshop_mesh_extended,mesh_e1,run05,payment,5,dycause,6,1,1.0,1.0,1.0,,,D:\project\homework\sockshop\data\sockshop_mesh_extended\mesh_e1\run05
sockshop_mesh_extended,mesh_e1,run05,payment,5,pearson_entry_abs,6,1,1.0,1.0,1.0,payment > carts > user > catalogue > shipping > orders,0.3405470545364661,D:\project\homework\sockshop\data\sockshop_mesh_extended\mesh_e1\run05
sockshop_mesh_extended,mesh_e1,run05,payment,5,anomaly_z_mean_shift,6,1,1.0,1.0,1.0,payment > orders > catalogue > shipping > user > carts,0.717732925854468,D:\project\homework\sockshop\data\sockshop_mesh_extended\mesh_e1\run05
sockshop_mesh_extended,mesh_e1,run06,payment,5,random_expected,6,expected,0.3333333333333333,0.8333333333333334,0.6428571428571429,random permutation,,D:\project\homework\sockshop\data\sockshop_mesh_extended\mesh_e1\run06
sockshop_mesh_extended,mesh_e1,run06,payment,5,dycause,6,1,1.0,1.0,1.0,,,D:\project\homework\sockshop\data\sockshop_mesh_extended\mesh_e1\run06
sockshop_mesh_extended,mesh_e1,run06,payment,5,pearson_entry_abs,6,2,1.0,1.0,0.8571,user > payment > orders > carts > catalogue > shipping,0.12344009211496178,D:\project\homework\sockshop\data\sockshop_mesh_extended\mesh_e1\run06
sockshop_mesh_extended,mesh_e1,run06,payment,5,anomaly_z_mean_shift,6,3,0.0,1.0,0.7143,catalogue > shipping > payment > orders > carts > user,0.455592354812537,D:\project\homework\sockshop\data\sockshop_mesh_extended\mesh_e1\run06
sockshop_mesh_extended,mesh_e1,run07,payment,5,random_expected,6,expected,0.3333333333333333,0.8333333333333334,0.6428571428571429,random permutation,,D:\project\homework\sockshop\data\sockshop_mesh_extended\mesh_e1\run07
sockshop_mesh_extended,mesh_e1,run07,payment,5,dycause,6,,0.0,0.0,0.0,,,D:\project\homework\sockshop\data\sockshop_mesh_extended\mesh_e1\run07
sockshop_mesh_extended,mesh_e1,run07,payment,5,pearson_entry_abs,6,5,0.0,1.0,0.4286,catalogue > user > carts > orders > payment > shipping,0.5777960947477048,D:\project\homework\sockshop\data\sockshop_mesh_extended\mesh_e1\run07
sockshop_mesh_extended,mesh_e1,run07,payment,5,anomaly_z_mean_shift,6,6,0.0,0.0,0.2857,carts > user > catalogue > orders > shipping > payment,0.05215681043488015,D:\project\homework\sockshop\data\sockshop_mesh_extended\mesh_e1\run07
sockshop_mesh_extended,mesh_e1,run08,payment,5,random_expected,6,expected,0.3333333333333333,0.8333333333333334,0.6428571428571429,random permutation,,D:\project\homework\sockshop\data\sockshop_mesh_extended\mesh_e1\run08
sockshop_mesh_extended,mesh_e1,run08,payment,5,dycause,6,6,0.0,0.0,0.2857,,,D:\project\homework\sockshop\data\sockshop_mesh_extended\mesh_e1\run08
sockshop_mesh_extended,mesh_e1,run08,payment,5,pearson_entry_abs,6,5,0.0,1.0,0.4286,orders > shipping > user > catalogue > payment > carts,0.5724960407668914,D:\project\homework\sockshop\data\sockshop_mesh_extended\mesh_e1\run08
sockshop_mesh_extended,mesh_e1,run08,payment,5,anomaly_z_mean_shift,6,1,1.0,1.0,1.0,payment > orders > shipping > catalogue > carts > user,0.6462071260581753,D:\project\homework\sockshop\data\sockshop_mesh_extended\mesh_e1\run08
sockshop_mesh_extended,mesh_e1,run09,payment,5,random_expected,6,expected,0.3333333333333333,0.8333333333333334,0.6428571428571429,random permutation,,D:\project\homework\sockshop\data\sockshop_mesh_extended\mesh_e1\run09
sockshop_mesh_extended,mesh_e1,run09,payment,5,dycause,6,,0.0,0.0,0.0,,,D:\project\homework\sockshop\data\sockshop_mesh_extended\mesh_e1\run09
sockshop_mesh_extended,mesh_e1,run09,payment,5,pearson_entry_abs,6,5,0.0,1.0,0.4286,user > catalogue > carts > orders > payment > shipping,0.453649524325486,D:\project\homework\sockshop\data\sockshop_mesh_extended\mesh_e1\run09
sockshop_mesh_extended,mesh_e1,run09,payment,5,anomaly_z_mean_shift,6,6,0.0,0.0,0.2857,shipping > orders > carts > user > catalogue > payment,0.27484307321549206,D:\project\homework\sockshop\data\sockshop_mesh_extended\mesh_e1\run09
sockshop_mesh_extended,mesh_e1,run10,payment,5,random_expected,6,expected,0.3333333333333333,0.8333333333333334,0.6428571428571429,random permutation,,D:\project\homework\sockshop\data\sockshop_mesh_extended\mesh_e1\run10
sockshop_mesh_extended,mesh_e1,run10,payment,5,dycause,6,,0.0,0.0,0.0,,,D:\project\homework\sockshop\data\sockshop_mesh_extended\mesh_e1\run10
sockshop_mesh_extended,mesh_e1,run10,payment,5,pearson_entry_abs,6,4,0.0,1.0,0.5714,catalogue > user > orders > payment > shipping > carts,0.5860312730754854,D:\project\homework\sockshop\data\sockshop_mesh_extended\mesh_e1\run10
sockshop_mesh_extended,mesh_e1,run10,payment,5,anomaly_z_mean_shift,6,6,0.0,0.0,0.2857,carts > orders > user > catalogue > shipping > payment,0.009321450573105518,D:\project\homework\sockshop\data\sockshop_mesh_extended\mesh_e1\run10
sockshop_mesh_extended,mesh_e2,run01,user,7,random_expected,6,expected,0.3333333333333333,0.8333333333333334,0.6428571428571429,random permutation,,D:\project\homework\sockshop\data\sockshop_mesh_extended\mesh_e2\run01
sockshop_mesh_extended,mesh_e2,run01,user,7,dycause,6,,0.0,0.0,0.0,,,D:\project\homework\sockshop\data\sockshop_mesh_extended\mesh_e2\run01
sockshop_mesh_extended,mesh_e2,run01,user,7,pearson_entry_abs,6,4,0.0,1.0,0.5714,payment > carts > orders > user > catalogue > shipping,0.1295702496367294,D:\project\homework\sockshop\data\sockshop_mesh_extended\mesh_e2\run01
sockshop_mesh_extended,mesh_e2,run01,user,7,anomaly_z_mean_shift,6,1,1.0,1.0,1.0,user > payment > orders > catalogue > carts > shipping,1.4637104774848038,D:\project\homework\sockshop\data\sockshop_mesh_extended\mesh_e2\run01
sockshop_mesh_extended,mesh_e2,run02,user,7,random_expected,6,expected,0.3333333333333333,0.8333333333333334,0.6428571428571429,random permutation,,D:\project\homework\sockshop\data\sockshop_mesh_extended\mesh_e2\run02
sockshop_mesh_extended,mesh_e2,run02,user,7,dycause,6,1,1.0,1.0,1.0,,,D:\project\homework\sockshop\data\sockshop_mesh_extended\mesh_e2\run02
sockshop_mesh_extended,mesh_e2,run02,user,7,pearson_entry_abs,6,6,0.0,0.0,0.2857,payment > orders > catalogue > carts > shipping > user,0.02228690759831792,D:\project\homework\sockshop\data\sockshop_mesh_extended\mesh_e2\run02
sockshop_mesh_extended,mesh_e2,run02,user,7,anomaly_z_mean_shift,6,5,0.0,1.0,0.4286,payment > orders > shipping > catalogue > user > carts,0.046954731412162935,D:\project\homework\sockshop\data\sockshop_mesh_extended\mesh_e2\run02
sockshop_mesh_extended,mesh_e2,run03,user,7,random_expected,6,expected,0.3333333333333333,0.8333333333333334,0.6428571428571429,random permutation,,D:\project\homework\sockshop\data\sockshop_mesh_extended\mesh_e2\run03
sockshop_mesh_extended,mesh_e2,run03,user,7,dycause,6,,0.0,0.0,0.0,,,D:\project\homework\sockshop\data\sockshop_mesh_extended\mesh_e2\run03
sockshop_mesh_extended,mesh_e2,run03,user,7,pearson_entry_abs,6,5,0.0,1.0,0.4286,payment > shipping > carts > orders > user > catalogue,0.08317381070911008,D:\project\homework\sockshop\data\sockshop_mesh_extended\mesh_e2\run03
sockshop_mesh_extended,mesh_e2,run03,user,7,anomaly_z_mean_shift,6,5,0.0,1.0,0.4286,catalogue > orders > payment > shipping > user > carts,0.1361498821377463,D:\project\homework\sockshop\data\sockshop_mesh_extended\mesh_e2\run03
sockshop_mesh_extended,mesh_e2,run04,user,7,random_expected,6,expected,0.3333333333333333,0.8333333333333334,0.6428571428571429,random permutation,,D:\project\homework\sockshop\data\sockshop_mesh_extended\mesh_e2\run04
sockshop_mesh_extended,mesh_e2,run04,user,7,dycause,6,,0.0,0.0,0.0,,,D:\project\homework\sockshop\data\sockshop_mesh_extended\mesh_e2\run04
sockshop_mesh_extended,mesh_e2,run04,user,7,pearson_entry_abs,6,3,0.0,1.0,0.7143,orders > payment > user > catalogue > carts > shipping,0.873426158173484,D:\project\homework\sockshop\data\sockshop_mesh_extended\mesh_e2\run04
sockshop_mesh_extended,mesh_e2,run04,user,7,anomaly_z_mean_shift,6,2,1.0,1.0,0.8571,shipping > user > carts > orders > payment > catalogue,0.49513608128566683,D:\project\homework\sockshop\data\sockshop_mesh_extended\mesh_e2\run04
sockshop_mesh_extended,mesh_e2,run05,user,7,random_expected,6,expected,0.3333333333333333,0.8333333333333334,0.6428571428571429,random permutation,,D:\project\homework\sockshop\data\sockshop_mesh_extended\mesh_e2\run05
sockshop_mesh_extended,mesh_e2,run05,user,7,dycause,6,1,1.0,1.0,1.0,,,D:\project\homework\sockshop\data\sockshop_mesh_extended\mesh_e2\run05
sockshop_mesh_extended,mesh_e2,run05,user,7,pearson_entry_abs,6,4,0.0,1.0,0.5714,orders > catalogue > carts > user > payment > shipping,0.6631552588643185,D:\project\homework\sockshop\data\sockshop_mesh_extended\mesh_e2\run05
sockshop_mesh_extended,mesh_e2,run05,user,7,anomaly_z_mean_shift,6,1,1.0,1.0,1.0,user > catalogue > shipping > carts > orders > payment,0.5005586884949765,D:\project\homework\sockshop\data\sockshop_mesh_extended\mesh_e2\run05
sockshop_mesh_extended,mesh_e3,run01,payment,5,random_expected,6,expected,0.3333333333333333,0.8333333333333334,0.6428571428571429,random permutation,,D:\project\homework\sockshop\data\sockshop_mesh_extended\mesh_e3\run01
sockshop_mesh_extended,mesh_e3,run01,payment,5,dycause,6,1,1.0,1.0,1.0,,,D:\project\homework\sockshop\data\sockshop_mesh_extended\mesh_e3\run01
sockshop_mesh_extended,mesh_e3,run01,payment,5,pearson_entry_abs,6,1,1.0,1.0,1.0,payment > catalogue > orders > carts > user > shipping,0.25953084628749556,D:\project\homework\sockshop\data\sockshop_mesh_extended\mesh_e3\run01
sockshop_mesh_extended,mesh_e3,run01,payment,5,anomaly_z_mean_shift,6,1,1.0,1.0,1.0,payment > carts > catalogue > orders > shipping > user,0.7404179357980409,D:\project\homework\sockshop\data\sockshop_mesh_extended\mesh_e3\run01
sockshop_mesh_extended,mesh_e3,run02,payment,5,random_expected,6,expected,0.3333333333333333,0.8333333333333334,0.6428571428571429,random permutation,,D:\project\homework\sockshop\data\sockshop_mesh_extended\mesh_e3\run02
sockshop_mesh_extended,mesh_e3,run02,payment,5,dycause,6,5,0.0,1.0,0.4286,,,D:\project\homework\sockshop\data\sockshop_mesh_extended\mesh_e3\run02
sockshop_mesh_extended,mesh_e3,run02,payment,5,pearson_entry_abs,6,1,1.0,1.0,1.0,payment > catalogue > shipping > user > orders > carts,0.3578511800815995,D:\project\homework\sockshop\data\sockshop_mesh_extended\mesh_e3\run02
sockshop_mesh_extended,mesh_e3,run02,payment,5,anomaly_z_mean_shift,6,1,1.0,1.0,1.0,payment > orders > catalogue > carts > user > shipping,2.982529539823136,D:\project\homework\sockshop\data\sockshop_mesh_extended\mesh_e3\run02
sockshop_mesh_extended,mesh_e3,run03,payment,5,random_expected,6,expected,0.3333333333333333,0.8333333333333334,0.6428571428571429,random permutation,,D:\project\homework\sockshop\data\sockshop_mesh_extended\mesh_e3\run03
sockshop_mesh_extended,mesh_e3,run03,payment,5,dycause,6,,0.0,0.0,0.0,,,D:\project\homework\sockshop\data\sockshop_mesh_extended\mesh_e3\run03
sockshop_mesh_extended,mesh_e3,run03,payment,5,pearson_entry_abs,6,1,1.0,1.0,1.0,payment > carts > catalogue > user > orders > shipping,0.32482908010594286,D:\project\homework\sockshop\data\sockshop_mesh_extended\mesh_e3\run03
sockshop_mesh_extended,mesh_e3,run03,payment,5,anomaly_z_mean_shift,6,2,1.0,1.0,0.8571,carts > payment > orders > shipping > catalogue > user,0.6276859863526006,D:\project\homework\sockshop\data\sockshop_mesh_extended\mesh_e3\run03
sockshop_mesh_extended,mesh_e3,run04,payment,5,random_expected,6,expected,0.3333333333333333,0.8333333333333334,0.6428571428571429,random permutation,,D:\project\homework\sockshop\data\sockshop_mesh_extended\mesh_e3\run04
sockshop_mesh_extended,mesh_e3,run04,payment,5,dycause,6,2,1.0,1.0,0.8571,,,D:\project\homework\sockshop\data\sockshop_mesh_extended\mesh_e3\run04
sockshop_mesh_extended,mesh_e3,run04,payment,5,pearson_entry_abs,6,1,1.0,1.0,1.0,payment > carts > orders > shipping > catalogue > user,0.21164490953221768,D:\project\homework\sockshop\data\sockshop_mesh_extended\mesh_e3\run04
sockshop_mesh_extended,mesh_e3,run04,payment,5,anomaly_z_mean_shift,6,2,1.0,1.0,0.8571,shipping > payment > user > catalogue > orders > carts,3.5940654216778154,D:\project\homework\sockshop\data\sockshop_mesh_extended\mesh_e3\run04
sockshop_mesh_extended,mesh_e3,run05,payment,5,random_expected,6,expected,0.3333333333333333,0.8333333333333334,0.6428571428571429,random permutation,,D:\project\homework\sockshop\data\sockshop_mesh_extended\mesh_e3\run05
sockshop_mesh_extended,mesh_e3,run05,payment,5,dycause,6,1,1.0,1.0,1.0,,,D:\project\homework\sockshop\data\sockshop_mesh_extended\mesh_e3\run05
sockshop_mesh_extended,mesh_e3,run05,payment,5,pearson_entry_abs,6,1,1.0,1.0,1.0,payment > user > orders > catalogue > carts > shipping,0.46218409075977873,D:\project\homework\sockshop\data\sockshop_mesh_extended\mesh_e3\run05
sockshop_mesh_extended,mesh_e3,run05,payment,5,anomaly_z_mean_shift,6,1,1.0,1.0,1.0,payment > orders > carts > user > catalogue > shipping,1.896704396951767,D:\project\homework\sockshop\data\sockshop_mesh_extended\mesh_e3\run05
sockshop_mesh_extended,mesh_e3,run06,payment,5,random_expected,6,expected,0.3333333333333333,0.8333333333333334,0.6428571428571429,random permutation,,D:\project\homework\sockshop\data\sockshop_mesh_extended\mesh_e3\run06
sockshop_mesh_extended,mesh_e3,run06,payment,5,dycause,6,,0.0,0.0,0.0,,,D:\project\homework\sockshop\data\sockshop_mesh_extended\mesh_e3\run06
sockshop_mesh_extended,mesh_e3,run06,payment,5,pearson_entry_abs,6,1,1.0,1.0,1.0,payment > shipping > catalogue > orders > carts > user,0.4642314199044197,D:\project\homework\sockshop\data\sockshop_mesh_extended\mesh_e3\run06
sockshop_mesh_extended,mesh_e3,run06,payment,5,anomaly_z_mean_shift,6,1,1.0,1.0,1.0,payment > carts > catalogue > orders > user > shipping,2.9328985114286623,D:\project\homework\sockshop\data\sockshop_mesh_extended\mesh_e3\run06
sockshop_mesh_extended,mesh_e3,run07,payment,5,random_expected,6,expected,0.3333333333333333,0.8333333333333334,0.6428571428571429,random permutation,,D:\project\homework\sockshop\data\sockshop_mesh_extended\mesh_e3\run07
sockshop_mesh_extended,mesh_e3,run07,payment,5,dycause,6,7,0.0,0.0,0.1429,,,D:\project\homework\sockshop\data\sockshop_mesh_extended\mesh_e3\run07
sockshop_mesh_extended,mesh_e3,run07,payment,5,pearson_entry_abs,6,4,0.0,1.0,0.5714,orders > carts > catalogue > payment > shipping > user,0.6279542577149032,D:\project\homework\sockshop\data\sockshop_mesh_extended\mesh_e3\run07
sockshop_mesh_extended,mesh_e3,run07,payment,5,anomaly_z_mean_shift,6,3,0.0,1.0,0.7143,shipping > orders > payment > user > carts > catalogue,0.12259095782314669,D:\project\homework\sockshop\data\sockshop_mesh_extended\mesh_e3\run07
sockshop_mesh_extended,mesh_e3,run08,payment,5,random_expected,6,expected,0.3333333333333333,0.8333333333333334,0.6428571428571429,random permutation,,D:\project\homework\sockshop\data\sockshop_mesh_extended\mesh_e3\run08
sockshop_mesh_extended,mesh_e3,run08,payment,5,dycause,6,2,1.0,1.0,0.8571,,,D:\project\homework\sockshop\data\sockshop_mesh_extended\mesh_e3\run08
sockshop_mesh_extended,mesh_e3,run08,payment,5,pearson_entry_abs,6,2,1.0,1.0,0.8571,user > payment > catalogue > orders > shipping > carts,0.840280510684441,D:\project\homework\sockshop\data\sockshop_mesh_extended\mesh_e3\run08
sockshop_mesh_extended,mesh_e3,run08,payment,5,anomaly_z_mean_shift,6,3,0.0,1.0,0.7143,user > catalogue > payment > carts > orders > shipping,0.5862135320178516,D:\project\homework\sockshop\data\sockshop_mesh_extended\mesh_e3\run08
sockshop_mesh_extended,mesh_e3,run09,payment,5,random_expected,6,expected,0.3333333333333333,0.8333333333333334,0.6428571428571429,random permutation,,D:\project\homework\sockshop\data\sockshop_mesh_extended\mesh_e3\run09
sockshop_mesh_extended,mesh_e3,run09,payment,5,dycause,6,4,0.0,1.0,0.5714,,,D:\project\homework\sockshop\data\sockshop_mesh_extended\mesh_e3\run09
sockshop_mesh_extended,mesh_e3,run09,payment,5,pearson_entry_abs,6,2,1.0,1.0,0.8571,catalogue > payment > orders > shipping > user > carts,0.7710250222777294,D:\project\homework\sockshop\data\sockshop_mesh_extended\mesh_e3\run09
sockshop_mesh_extended,mesh_e3,run09,payment,5,anomaly_z_mean_shift,6,6,0.0,0.0,0.2857,user > shipping > orders > carts > catalogue > payment,0.05925538276702892,D:\project\homework\sockshop\data\sockshop_mesh_extended\mesh_e3\run09
sockshop_mesh_extended,mesh_e3,run10,payment,5,random_expected,6,expected,0.3333333333333333,0.8333333333333334,0.6428571428571429,random permutation,,D:\project\homework\sockshop\data\sockshop_mesh_extended\mesh_e3\run10
sockshop_mesh_extended,mesh_e3,run10,payment,5,dycause,6,,0.0,0.0,0.0,,,D:\project\homework\sockshop\data\sockshop_mesh_extended\mesh_e3\run10
sockshop_mesh_extended,mesh_e3,run10,payment,5,pearson_entry_abs,6,1,1.0,1.0,1.0,payment > orders > shipping > catalogue > user > carts,0.542722940260023,D:\project\homework\sockshop\data\sockshop_mesh_extended\mesh_e3\run10
sockshop_mesh_extended,mesh_e3,run10,payment,5,anomaly_z_mean_shift,6,5,0.0,1.0,0.4286,carts > orders > user > catalogue > payment > shipping,0.21988928431164986,D:\project\homework\sockshop\data\sockshop_mesh_extended\mesh_e3\run10
sockshop_mesh_extended,mesh_e4,run01,user,7,random_expected,6,expected,0.3333333333333333,0.8333333333333334,0.6428571428571429,random permutation,,D:\project\homework\sockshop\data\sockshop_mesh_extended\mesh_e4\run01
sockshop_mesh_extended,mesh_e4,run01,user,7,dycause,6,,0.0,0.0,0.0,,,D:\project\homework\sockshop\data\sockshop_mesh_extended\mesh_e4\run01
sockshop_mesh_extended,mesh_e4,run01,user,7,pearson_entry_abs,6,1,1.0,1.0,1.0,user > orders > catalogue > payment > shipping > carts,0.4949851295479947,D:\project\homework\sockshop\data\sockshop_mesh_extended\mesh_e4\run01
sockshop_mesh_extended,mesh_e4,run01,user,7,anomaly_z_mean_shift,6,1,1.0,1.0,1.0,user > payment > catalogue > orders > carts > shipping,7.06701622649804,D:\project\homework\sockshop\data\sockshop_mesh_extended\mesh_e4\run01
sockshop_mesh_extended,mesh_e4,run02,user,7,random_expected,6,expected,0.3333333333333333,0.8333333333333334,0.6428571428571429,random permutation,,D:\project\homework\sockshop\data\sockshop_mesh_extended\mesh_e4\run02
sockshop_mesh_extended,mesh_e4,run02,user,7,dycause,6,,0.0,0.0,0.0,,,D:\project\homework\sockshop\data\sockshop_mesh_extended\mesh_e4\run02
sockshop_mesh_extended,mesh_e4,run02,user,7,pearson_entry_abs,6,1,1.0,1.0,1.0,user > payment > catalogue > orders > carts > shipping,0.6286646001659418,D:\project\homework\sockshop\data\sockshop_mesh_extended\mesh_e4\run02
sockshop_mesh_extended,mesh_e4,run02,user,7,anomaly_z_mean_shift,6,1,1.0,1.0,1.0,user > payment > shipping > catalogue > orders > carts,4.8731998642208705,D:\project\homework\sockshop\data\sockshop_mesh_extended\mesh_e4\run02
sockshop_mesh_extended,mesh_e4,run03,user,7,random_expected,6,expected,0.3333333333333333,0.8333333333333334,0.6428571428571429,random permutation,,D:\project\homework\sockshop\data\sockshop_mesh_extended\mesh_e4\run03
sockshop_mesh_extended,mesh_e4,run03,user,7,dycause,6,,0.0,0.0,0.0,,,D:\project\homework\sockshop\data\sockshop_mesh_extended\mesh_e4\run03
sockshop_mesh_extended,mesh_e4,run03,user,7,pearson_entry_abs,6,1,1.0,1.0,1.0,user > payment > catalogue > orders > carts > shipping,0.6031129957062078,D:\project\homework\sockshop\data\sockshop_mesh_extended\mesh_e4\run03
sockshop_mesh_extended,mesh_e4,run03,user,7,anomaly_z_mean_shift,6,1,1.0,1.0,1.0,user > payment > catalogue > carts > shipping > orders,4.728004991821337,D:\project\homework\sockshop\data\sockshop_mesh_extended\mesh_e4\run03
sockshop_mesh_extended,mesh_e5,run01,catalogue,2,random_expected,6,expected,0.3333333333333333,0.8333333333333334,0.6428571428571429,random permutation,,D:\project\homework\sockshop\data\sockshop_mesh_extended\mesh_e5\run01
sockshop_mesh_extended,mesh_e5,run01,catalogue,2,dycause,6,,0.0,0.0,0.0,,,D:\project\homework\sockshop\data\sockshop_mesh_extended\mesh_e5\run01
sockshop_mesh_extended,mesh_e5,run01,catalogue,2,pearson_entry_abs,6,1,1.0,1.0,1.0,catalogue > payment > shipping > user > carts > orders,0.6377552086282389,D:\project\homework\sockshop\data\sockshop_mesh_extended\mesh_e5\run01
sockshop_mesh_extended,mesh_e5,run01,catalogue,2,anomaly_z_mean_shift,6,2,1.0,1.0,0.8571,payment > catalogue > shipping > user > carts > orders,4.917589761175053,D:\project\homework\sockshop\data\sockshop_mesh_extended\mesh_e5\run01
sockshop_mesh_extended,mesh_e5,run02,catalogue,2,random_expected,6,expected,0.3333333333333333,0.8333333333333334,0.6428571428571429,random permutation,,D:\project\homework\sockshop\data\sockshop_mesh_extended\mesh_e5\run02
sockshop_mesh_extended,mesh_e5,run02,catalogue,2,dycause,6,,0.0,0.0,0.0,,,D:\project\homework\sockshop\data\sockshop_mesh_extended\mesh_e5\run02
sockshop_mesh_extended,mesh_e5,run02,catalogue,2,pearson_entry_abs,6,1,1.0,1.0,1.0,catalogue > payment > orders > carts > shipping > user,0.7098079759949681,D:\project\homework\sockshop\data\sockshop_mesh_extended\mesh_e5\run02
sockshop_mesh_extended,mesh_e5,run02,catalogue,2,anomaly_z_mean_shift,6,1,1.0,1.0,1.0,catalogue > payment > orders > carts > shipping > user,4.87613001555122,D:\project\homework\sockshop\data\sockshop_mesh_extended\mesh_e5\run02
sockshop_mesh_extended,mesh_e5,run03,catalogue,2,random_expected,6,expected,0.3333333333333333,0.8333333333333334,0.6428571428571429,random permutation,,D:\project\homework\sockshop\data\sockshop_mesh_extended\mesh_e5\run03
sockshop_mesh_extended,mesh_e5,run03,catalogue,2,dycause,6,,0.0,0.0,0.0,,,D:\project\homework\sockshop\data\sockshop_mesh_extended\mesh_e5\run03
sockshop_mesh_extended,mesh_e5,run03,catalogue,2,pearson_entry_abs,6,1,1.0,1.0,1.0,catalogue > payment > carts > orders > user > shipping,0.7172247092247876,D:\project\homework\sockshop\data\sockshop_mesh_extended\mesh_e5\run03
sockshop_mesh_extended,mesh_e5,run03,catalogue,2,anomaly_z_mean_shift,6,1,1.0,1.0,1.0,catalogue > payment > orders > user > carts > shipping,4.866468702677738,D:\project\homework\sockshop\data\sockshop_mesh_extended\mesh_e5\run03
sockshop_mesh_extended,mesh_e5,run04,catalogue,2,random_expected,6,expected,0.3333333333333333,0.8333333333333334,0.6428571428571429,random permutation,,D:\project\homework\sockshop\data\sockshop_mesh_extended\mesh_e5\run04
sockshop_mesh_extended,mesh_e5,run04,catalogue,2,dycause,6,2,1.0,1.0,0.8571,,,D:\project\homework\sockshop\data\sockshop_mesh_extended\mesh_e5\run04
sockshop_mesh_extended,mesh_e5,run04,catalogue,2,pearson_entry_abs,6,1,1.0,1.0,1.0,catalogue > orders > payment > shipping > carts > user,0.69845383139072,D:\project\homework\sockshop\data\sockshop_mesh_extended\mesh_e5\run04
sockshop_mesh_extended,mesh_e5,run04,catalogue,2,anomaly_z_mean_shift,6,1,1.0,1.0,1.0,catalogue > payment > orders > shipping > user > carts,5.149706851252023,D:\project\homework\sockshop\data\sockshop_mesh_extended\mesh_e5\run04
sockshop_mesh_extended,mesh_e5,run05,catalogue,2,random_expected,6,expected,0.3333333333333333,0.8333333333333334,0.6428571428571429,random permutation,,D:\project\homework\sockshop\data\sockshop_mesh_extended\mesh_e5\run05
sockshop_mesh_extended,mesh_e5,run05,catalogue,2,dycause,6,,0.0,0.0,0.0,,,D:\project\homework\sockshop\data\sockshop_mesh_extended\mesh_e5\run05
sockshop_mesh_extended,mesh_e5,run05,catalogue,2,pearson_entry_abs,6,1,1.0,1.0,1.0,catalogue > orders > payment > carts > user > shipping,0.6928347564247938,D:\project\homework\sockshop\data\sockshop_mesh_extended\mesh_e5\run05
sockshop_mesh_extended,mesh_e5,run05,catalogue,2,anomaly_z_mean_shift,6,2,1.0,1.0,0.8571,payment > catalogue > orders > shipping > user > carts,4.724482327584568,D:\project\homework\sockshop\data\sockshop_mesh_extended\mesh_e5\run05
sockshop_mesh_extended,mesh_e5,run06,catalogue,2,random_expected,6,expected,0.3333333333333333,0.8333333333333334,0.6428571428571429,random permutation,,D:\project\homework\sockshop\data\sockshop_mesh_extended\mesh_e5\run06
sockshop_mesh_extended,mesh_e5,run06,catalogue,2,dycause,6,,0.0,0.0,0.0,,,D:\project\homework\sockshop\data\sockshop_mesh_extended\mesh_e5\run06
sockshop_mesh_extended,mesh_e5,run06,catalogue,2,pearson_entry_abs,6,6,0.0,0.0,0.2857,user > orders > shipping > payment > carts > catalogue,0.3024548555350588,D:\project\homework\sockshop\data\sockshop_mesh_extended\mesh_e5\run06
sockshop_mesh_extended,mesh_e5,run06,catalogue,2,anomaly_z_mean_shift,6,1,1.0,1.0,1.0,catalogue > carts > user > orders > shipping > payment,4.702109336608051,D:\project\homework\sockshop\data\sockshop_mesh_extended\mesh_e5\run06
sockshop_mesh_extended,mesh_e5,run07,catalogue,2,random_expected,6,expected,0.3333333333333333,0.8333333333333334,0.6428571428571429,random permutation,,D:\project\homework\sockshop\data\sockshop_mesh_extended\mesh_e5\run07
sockshop_mesh_extended,mesh_e5,run07,catalogue,2,dycause,6,7,0.0,0.0,0.1429,,,D:\project\homework\sockshop\data\sockshop_mesh_extended\mesh_e5\run07
sockshop_mesh_extended,mesh_e5,run07,catalogue,2,pearson_entry_abs,6,6,0.0,0.0,0.2857,payment > orders > shipping > user > carts > catalogue,0.27967259135822253,D:\project\homework\sockshop\data\sockshop_mesh_extended\mesh_e5\run07
sockshop_mesh_extended,mesh_e5,run07,catalogue,2,anomaly_z_mean_shift,6,1,1.0,1.0,1.0,catalogue > orders > carts > user > payment > shipping,4.490225792530159,D:\project\homework\sockshop\data\sockshop_mesh_extended\mesh_e5\run07
