experiment,run,dataset,desc,group,fault_type,object_role,root,root_idx,baseline_mean,fault_mean,fault_baseline_ratio,baseline_seconds,fault_seconds,rate_window,load_profile,data_root,dataset_prefix,path,quality_valid,min_valid_ratio,missing_points,zero_points,dycause_log,dycause_ok,lag,step,edge_thres,root_rank,pr1,pr2,pr3,pr4,pr5,pr_avg,acc
final_e1,run01,final_final_e1_mesh_run01,Formal: Pod-Kill payment,formal,pod-kill,core,payment,5,0.0014248087643637544,0.002648548381547672,1.858879905704662,300,300,15s,business-final-v3,D:\project\homework\sockshop\data\sockshop_mesh_final,final_,data\sockshop_mesh_final\final_e1\run01,True,1.0,0,0,data\sockshop_mesh_final\final_e1\run01\dycause_lag3_step20_edge0.4.log,True,3,20,0.4,,0.0,0.0,0.0,0.0,0.0,0.0,0.0
final_e1,run01,final_final_e1_mesh_run01,Formal: Pod-Kill payment,formal,pod-kill,core,payment,5,0.0014248087643637544,0.002648548381547672,1.858879905704662,300,300,15s,business-final-v3,D:\project\homework\sockshop\data\sockshop_mesh_final,final_,data\sockshop_mesh_final\final_e1\run01,True,1.0,0,0,data\sockshop_mesh_final\final_e1\run01\dycause_lag3_step20_edge0.6.log,True,3,20,0.6,2,0.0,1.0,1.0,1.0,1.0,0.8,0.8571
final_e1,run01,final_final_e1_mesh_run01,Formal: Pod-Kill payment,formal,pod-kill,core,payment,5,0.0014248087643637544,0.002648548381547672,1.858879905704662,300,300,15s,business-final-v3,D:\project\homework\sockshop\data\sockshop_mesh_final,final_,data\sockshop_mesh_final\final_e1\run01,True,1.0,0,0,data\sockshop_mesh_final\final_e1\run01\dycause_lag3_step20_edge0.7.log,True,3,20,0.7,2,0.0,1.0,1.0,1.0,1.0,0.8,0.8571
final_e1,run01,final_final_e1_mesh_run01,Formal: Pod-Kill payment,formal,pod-kill,core,payment,5,0.0014248087643637544,0.002648548381547672,1.858879905704662,300,300,15s,business-final-v3,D:\project\homework\sockshop\data\sockshop_mesh_final,final_,data\sockshop_mesh_final\final_e1\run01,True,1.0,0,0,data\sockshop_mesh_final\final_e1\run01\dycause_lag3_step20_edge0.8.log,True,3,20,0.8,5,0.0,0.0,0.0,0.0,1.0,0.2,0.4286
final_e1,run01,final_final_e1_mesh_run01,Formal: Pod-Kill payment,formal,pod-kill,core,payment,5,0.0014248087643637544,0.002648548381547672,1.858879905704662,300,300,15s,business-final-v3,D:\project\homework\sockshop\data\sockshop_mesh_final,final_,data\sockshop_mesh_final\final_e1\run01,True,1.0,0,0,data\sockshop_mesh_final\final_e1\run01\dycause_lag3_step30_edge0.4.log,True,3,30,0.4,,0.0,0.0,0.0,0.0,0.0,0.0,0.0
final_e1,run01,final_final_e1_mesh_run01,Formal: Pod-Kill payment,formal,pod-kill,core,payment,5,0.0014248087643637544,0.002648548381547672,1.858879905704662,300,300,15s,business-final-v3,D:\project\homework\sockshop\data\sockshop_mesh_final,final_,data\sockshop_mesh_final\final_e1\run01,True,1.0,0,0,data\sockshop_mesh_final\final_e1\run01\dycause_lag3_step30_edge0.6.log,True,3,30,0.6,,0.0,0.0,0.0,0.0,0.0,0.0,0.0
final_e1,run01,final_final_e1_mesh_run01,Formal: Pod-Kill payment,formal,pod-kill,core,payment,5,0.0014248087643637544,0.002648548381547672,1.858879905704662,300,300,15s,business-final-v3,D:\project\homework\sockshop\data\sockshop_mesh_final,final_,data\sockshop_mesh_final\final_e1\run01,True,1.0,0,0,data\sockshop_mesh_final\final_e1\run01\dycause_lag3_step30_edge0.7.log,True,3,30,0.7,,0.0,0.0,0.0,0.0,0.0,0.0,0.0
final_e1,run01,final_final_e1_mesh_run01,Formal: Pod-Kill payment,formal,pod-kill,core,payment,5,0.0014248087643637544,0.002648548381547672,1.858879905704662,300,300,15s,business-final-v3,D:\project\homework\sockshop\data\sockshop_mesh_final,final_,data\sockshop_mesh_final\final_e1\run01,True,1.0,0,0,data\sockshop_mesh_final\final_e1\run01\dycause_lag3_step30_edge0.8.log,True,3,30,0.8,5,0.0,0.0,0.0,0.0,1.0,0.2,0.4286
final_e1,run01,final_final_e1_mesh_run01,Formal: Pod-Kill payment,formal,pod-kill,core,payment,5,0.0014248087643637544,0.002648548381547672,1.858879905704662,300,300,15s,business-final-v3,D:\project\homework\sockshop\data\sockshop_mesh_final,final_,data\sockshop_mesh_final\final_e1\run01,True,1.0,0,0,data\sockshop_mesh_final\final_e1\run01\dycause_lag3_step60_edge0.4.log,True,3,60,0.4,,0.0,0.0,0.0,0.0,0.0,0.0,0.0
final_e1,run01,final_final_e1_mesh_run01,Formal: Pod-Kill payment,formal,pod-kill,core,payment,5,0.0014248087643637544,0.002648548381547672,1.858879905704662,300,300,15s,business-final-v3,D:\project\homework\sockshop\data\sockshop_mesh_final,final_,data\sockshop_mesh_final\final_e1\run01,True,1.0,0,0,data\sockshop_mesh_final\final_e1\run01\dycause_lag3_step60_edge0.6.log,True,3,60,0.6,,0.0,0.0,0.0,0.0,0.0,0.0,0.0
final_e1,run01,final_final_e1_mesh_run01,Formal: Pod-Kill payment,formal,pod-kill,core,payment,5,0.0014248087643637544,0.002648548381547672,1.858879905704662,300,300,15s,business-final-v3,D:\project\homework\sockshop\data\sockshop_mesh_final,final_,data\sockshop_mesh_final\final_e1\run01,True,1.0,0,0,data\sockshop_mesh_final\final_e1\run01\dycause_lag3_step60_edge0.7.log,True,3,60,0.7,,0.0,0.0,0.0,0.0,0.0,0.0,0.0
final_e1,run01,final_final_e1_mesh_run01,Formal: Pod-Kill payment,formal,pod-kill,core,payment,5,0.0014248087643637544,0.002648548381547672,1.858879905704662,300,300,15s,business-final-v3,D:\project\homework\sockshop\data\sockshop_mesh_final,final_,data\sockshop_mesh_final\final_e1\run01,True,1.0,0,0,data\sockshop_mesh_final\final_e1\run01\dycause_lag3_step60_edge0.8.log,True,3,60,0.8,,0.0,0.0,0.0,0.0,0.0,0.0,0.0
final_e1,run01,final_final_e1_mesh_run01,Formal: Pod-Kill payment,formal,pod-kill,core,payment,5,0.0014248087643637544,0.002648548381547672,1.858879905704662,300,300,15s,business-final-v3,D:\project\homework\sockshop\data\sockshop_mesh_final,final_,data\sockshop_mesh_final\final_e1\run01,True,1.0,0,0,data\sockshop_mesh_final\final_e1\run01\dycause_lag5_step20_edge0.4.log,True,5,20,0.4,,0.0,0.0,0.0,0.0,0.0,0.0,0.0
final_e1,run01,final_final_e1_mesh_run01,Formal: Pod-Kill payment,formal,pod-kill,core,payment,5,0.0014248087643637544,0.002648548381547672,1.858879905704662,300,300,15s,business-final-v3,D:\project\homework\sockshop\data\sockshop_mesh_final,final_,data\sockshop_mesh_final\final_e1\run01,True,1.0,0,0,data\sockshop_mesh_final\final_e1\run01\dycause_lag5_step20_edge0.6.log,True,5,20,0.6,,0.0,0.0,0.0,0.0,0.0,0.0,0.0
final_e1,run01,final_final_e1_mesh_run01,Formal: Pod-Kill payment,formal,pod-kill,core,payment,5,0.0014248087643637544,0.002648548381547672,1.858879905704662,300,300,15s,business-final-v3,D:\project\homework\sockshop\data\sockshop_mesh_final,final_,data\sockshop_mesh_final\final_e1\run01,True,1.0,0,0,data\sockshop_mesh_final\final_e1\run01\dycause_lag5_step20_edge0.7.log,True,5,20,0.7,,0.0,0.0,0.0,0.0,0.0,0.0,0.0
final_e1,run01,final_final_e1_mesh_run01,Formal: Pod-Kill payment,formal,pod-kill,core,payment,5,0.0014248087643637544,0.002648548381547672,1.858879905704662,300,300,15s,business-final-v3,D:\project\homework\sockshop\data\sockshop_mesh_final,final_,data\sockshop_mesh_final\final_e1\run01,True,1.0,0,0,data\sockshop_mesh_final\final_e1\run01\dycause_lag5_step20_edge0.8.log,True,5,20,0.8,,0.0,0.0,0.0,0.0,0.0,0.0,0.0
final_e1,run01,final_final_e1_mesh_run01,Formal: Pod-Kill payment,formal,pod-kill,core,payment,5,0.0014248087643637544,0.002648548381547672,1.858879905704662,300,300,15s,business-final-v3,D:\project\homework\sockshop\data\sockshop_mesh_final,final_,data\sockshop_mesh_final\final_e1\run01,True,1.0,0,0,data\sockshop_mesh_final\final_e1\run01\dycause_lag5_step30_edge0.4.log,True,5,30,0.4,,0.0,0.0,0.0,0.0,0.0,0.0,0.0
final_e1,run01,final_final_e1_mesh_run01,Formal: Pod-Kill payment,formal,pod-kill,core,payment,5,0.0014248087643637544,0.002648548381547672,1.858879905704662,300,300,15s,business-final-v3,D:\project\homework\sockshop\data\sockshop_mesh_final,final_,data\sockshop_mesh_final\final_e1\run01,True,1.0,0,0,data\sockshop_mesh_final\final_e1\run01\dycause_lag5_step30_edge0.6.log,True,5,30,0.6,,0.0,0.0,0.0,0.0,0.0,0.0,0.0
final_e1,run01,final_final_e1_mesh_run01,Formal: Pod-Kill payment,formal,pod-kill,core,payment,5,0.0014248087643637544,0.002648548381547672,1.858879905704662,300,300,15s,business-final-v3,D:\project\homework\sockshop\data\sockshop_mesh_final,final_,data\sockshop_mesh_final\final_e1\run01,True,1.0,0,0,data\sockshop_mesh_final\final_e1\run01\dycause_lag5_step30_edge0.7.log,True,5,30,0.7,,0.0,0.0,0.0,0.0,0.0,0.0,0.0
final_e1,run01,final_final_e1_mesh_run01,Formal: Pod-Kill payment,formal,pod-kill,core,payment,5,0.0014248087643637544,0.002648548381547672,1.858879905704662,300,300,15s,business-final-v3,D:\project\homework\sockshop\data\sockshop_mesh_final,final_,data\sockshop_mesh_final\final_e1\run01,True,1.0,0,0,data\sockshop_mesh_final\final_e1\run01\dycause_lag5_step30_edge0.8.log,True,5,30,0.8,,0.0,0.0,0.0,0.0,0.0,0.0,0.0
final_e1,run01,final_final_e1_mesh_run01,Formal: Pod-Kill payment,formal,pod-kill,core,payment,5,0.0014248087643637544,0.002648548381547672,1.858879905704662,300,300,15s,business-final-v3,D:\project\homework\sockshop\data\sockshop_mesh_final,final_,data\sockshop_mesh_final\final_e1\run01,True,1.0,0,0,data\sockshop_mesh_final\final_e1\run01\dycause_lag5_step60_edge0.4.log,True,5,60,0.4,,0.0,0.0,0.0,0.0,0.0,0.0,0.0
final_e1,run01,final_final_e1_mesh_run01,Formal: Pod-Kill payment,formal,pod-kill,core,payment,5,0.0014248087643637544,0.002648548381547672,1.858879905704662,300,300,15s,business-final-v3,D:\project\homework\sockshop\data\sockshop_mesh_final,final_,data\sockshop_mesh_final\final_e1\run01,True,1.0,0,0,data\sockshop_mesh_final\final_e1\run01\dycause_lag5_step60_edge0.6.log,True,5,60,0.6,,0.0,0.0,0.0,0.0,0.0,0.0,0.0
final_e1,run01,final_final_e1_mesh_run01,Formal: Pod-Kill payment,formal,pod-kill,core,payment,5,0.0014248087643637544,0.002648548381547672,1.858879905704662,300,300,15s,business-final-v3,D:\project\homework\sockshop\data\sockshop_mesh_final,final_,data\sockshop_mesh_final\final_e1\run01,True,1.0,0,0,data\sockshop_mesh_final\final_e1\run01\dycause_lag5_step60_edge0.7.log,True,5,60,0.7,,0.0,0.0,0.0,0.0,0.0,0.0,0.0
final_e1,run01,final_final_e1_mesh_run01,Formal: Pod-Kill payment,formal,pod-kill,core,payment,5,0.0014248087643637544,0.002648548381547672,1.858879905704662,300,300,15s,business-final-v3,D:\project\homework\sockshop\data\sockshop_mesh_final,final_,data\sockshop_mesh_final\final_e1\run01,True,1.0,0,0,data\sockshop_mesh_final\final_e1\run01\dycause_lag5_step60_edge0.8.log,True,5,60,0.8,,0.0,0.0,0.0,0.0,0.0,0.0,0.0
final_e1,run01,final_final_e1_mesh_run01,Formal: Pod-Kill payment,formal,pod-kill,core,payment,5,0.0014248087643637544,0.002648548381547672,1.858879905704662,300,300,15s,business-final-v3,D:\project\homework\sockshop\data\sockshop_mesh_final,final_,data\sockshop_mesh_final\final_e1\run01,True,1.0,0,0,data\sockshop_mesh_final\final_e1\run01\dycause_lag7_step30_edge0.4.log,True,7,30,0.4,,0.0,0.0,0.0,0.0,0.0,0.0,0.0
final_e1,run01,final_final_e1_mesh_run01,Formal: Pod-Kill payment,formal,pod-kill,core,payment,5,0.0014248087643637544,0.002648548381547672,1.858879905704662,300,300,15s,business-final-v3,D:\project\homework\sockshop\data\sockshop_mesh_final,final_,data\sockshop_mesh_final\final_e1\run01,True,1.0,0,0,data\sockshop_mesh_final\final_e1\run01\dycause_lag7_step30_edge0.6.log,True,7,30,0.6,,0.0,0.0,0.0,0.0,0.0,0.0,0.0
final_e1,run01,final_final_e1_mesh_run01,Formal: Pod-Kill payment,formal,pod-kill,core,payment,5,0.0014248087643637544,0.002648548381547672,1.858879905704662,300,300,15s,business-final-v3,D:\project\homework\sockshop\data\sockshop_mesh_final,final_,data\sockshop_mesh_final\final_e1\run01,True,1.0,0,0,data\sockshop_mesh_final\final_e1\run01\dycause_lag7_step30_edge0.7.log,True,7,30,0.7,,0.0,0.0,0.0,0.0,0.0,0.0,0.0
final_e1,run01,final_final_e1_mesh_run01,Formal: Pod-Kill payment,formal,pod-kill,core,payment,5,0.0014248087643637544,0.002648548381547672,1.858879905704662,300,300,15s,business-final-v3,D:\project\homework\sockshop\data\sockshop_mesh_final,final_,data\sockshop_mesh_final\final_e1\run01,True,1.0,0,0,data\sockshop_mesh_final\final_e1\run01\dycause_lag7_step30_edge0.8.log,True,7,30,0.8,,0.0,0.0,0.0,0.0,0.0,0.0,0.0
final_e1,run01,final_final_e1_mesh_run01,Formal: Pod-Kill payment,formal,pod-kill,core,payment,5,0.0014248087643637544,0.002648548381547672,1.858879905704662,300,300,15s,business-final-v3,D:\project\homework\sockshop\data\sockshop_mesh_final,final_,data\sockshop_mesh_final\final_e1\run01,True,1.0,0,0,data\sockshop_mesh_final\final_e1\run01\dycause_lag7_step60_edge0.4.log,True,7,60,0.4,,0.0,0.0,0.0,0.0,0.0,0.0,0.0
final_e1,run01,final_final_e1_mesh_run01,Formal: Pod-Kill payment,formal,pod-kill,core,payment,5,0.0014248087643637544,0.002648548381547672,1.858879905704662,300,300,15s,business-final-v3,D:\project\homework\sockshop\data\sockshop_mesh_final,final_,data\sockshop_mesh_final\final_e1\run01,True,1.0,0,0,data\sockshop_mesh_final\final_e1\run01\dycause_lag7_step60_edge0.6.log,True,7,60,0.6,5,0.0,0.0,0.0,0.0,1.0,0.2,0.4286
final_e1,run01,final_final_e1_mesh_run01,Formal: Pod-Kill payment,formal,pod-kill,core,payment,5,0.0014248087643637544,0.002648548381547672,1.858879905704662,300,300,15s,business-final-v3,D:\project\homework\sockshop\data\sockshop_mesh_final,final_,data\sockshop_mesh_final\final_e1\run01,True,1.0,0,0,data\sockshop_mesh_final\final_e1\run01\dycause_lag7_step60_edge0.7.log,True,7,60,0.7,5,0.0,0.0,0.0,0.0,1.0,0.2,0.4286
final_e1,run01,final_final_e1_mesh_run01,Formal: Pod-Kill payment,formal,pod-kill,core,payment,5,0.0014248087643637544,0.002648548381547672,1.858879905704662,300,300,15s,business-final-v3,D:\project\homework\sockshop\data\sockshop_mesh_final,final_,data\sockshop_mesh_final\final_e1\run01,True,1.0,0,0,data\sockshop_mesh_final\final_e1\run01\dycause_lag7_step60_edge0.8.log,True,7,60,0.8,5,0.0,0.0,0.0,0.0,1.0,0.2,0.4286
final_e1,run01,final_final_e1_mesh_run01,Formal: Pod-Kill payment,formal,pod-kill,core,payment,5,0.0014248087643637544,0.002648548381547672,1.858879905704662,300,300,15s,business-final-v3,D:\project\homework\sockshop\data\sockshop_mesh_final,final_,data\sockshop_mesh_final\final_e1\run01,True,1.0,0,0,data\sockshop_mesh_final\final_e1\run01\dycause_lag9_step30_edge0.4.log,True,9,30,0.4,,0.0,0.0,0.0,0.0,0.0,0.0,0.0
final_e1,run01,final_final_e1_mesh_run01,Formal: Pod-Kill payment,formal,pod-kill,core,payment,5,0.0014248087643637544,0.002648548381547672,1.858879905704662,300,300,15s,business-final-v3,D:\project\homework\sockshop\data\sockshop_mesh_final,final_,data\sockshop_mesh_final\final_e1\run01,True,1.0,0,0,data\sockshop_mesh_final\final_e1\run01\dycause_lag9_step30_edge0.6.log,True,9,30,0.6,,0.0,0.0,0.0,0.0,0.0,0.0,0.0
final_e1,run01,final_final_e1_mesh_run01,Formal: Pod-Kill payment,formal,pod-kill,core,payment,5,0.0014248087643637544,0.002648548381547672,1.858879905704662,300,300,15s,business-final-v3,D:\project\homework\sockshop\data\sockshop_mesh_final,final_,data\sockshop_mesh_final\final_e1\run01,True,1.0,0,0,data\sockshop_mesh_final\final_e1\run01\dycause_lag9_step30_edge0.7.log,True,9,30,0.7,,0.0,0.0,0.0,0.0,0.0,0.0,0.0
final_e1,run01,final_final_e1_mesh_run01,Formal: Pod-Kill payment,formal,pod-kill,core,payment,5,0.0014248087643637544,0.002648548381547672,1.858879905704662,300,300,15s,business-final-v3,D:\project\homework\sockshop\data\sockshop_mesh_final,final_,data\sockshop_mesh_final\final_e1\run01,True,1.0,0,0,data\sockshop_mesh_final\final_e1\run01\dycause_lag9_step30_edge0.8.log,True,9,30,0.8,,0.0,0.0,0.0,0.0,0.0,0.0,0.0
final_e1,run01,final_final_e1_mesh_run01,Formal: Pod-Kill payment,formal,pod-kill,core,payment,5,0.0014248087643637544,0.002648548381547672,1.858879905704662,300,300,15s,business-final-v3,D:\project\homework\sockshop\data\sockshop_mesh_final,final_,data\sockshop_mesh_final\final_e1\run01,True,1.0,0,0,data\sockshop_mesh_final\final_e1\run01\dycause_lag9_step60_edge0.4.log,True,9,60,0.4,,0.0,0.0,0.0,0.0,0.0,0.0,0.0
final_e1,run01,final_final_e1_mesh_run01,Formal: Pod-Kill payment,formal,pod-kill,core,payment,5,0.0014248087643637544,0.002648548381547672,1.858879905704662,300,300,15s,business-final-v3,D:\project\homework\sockshop\data\sockshop_mesh_final,final_,data\sockshop_mesh_final\final_e1\run01,True,1.0,0,0,data\sockshop_mesh_final\final_e1\run01\dycause_lag9_step60_edge0.6.log,True,9,60,0.6,4,0.0,0.0,0.0,1.0,1.0,0.4,0.5714
final_e1,run01,final_final_e1_mesh_run01,Formal: Pod-Kill payment,formal,pod-kill,core,payment,5,0.0014248087643637544,0.002648548381547672,1.858879905704662,300,300,15s,business-final-v3,D:\project\homework\sockshop\data\sockshop_mesh_final,final_,data\sockshop_mesh_final\final_e1\run01,True,1.0,0,0,data\sockshop_mesh_final\final_e1\run01\dycause_lag9_step60_edge0.7.log,True,9,60,0.7,4,0.0,0.0,0.0,1.0,1.0,0.4,0.5714
final_e1,run01,final_final_e1_mesh_run01,Formal: Pod-Kill payment,formal,pod-kill,core,payment,5,0.0014248087643637544,0.002648548381547672,1.858879905704662,300,300,15s,business-final-v3,D:\project\homework\sockshop\data\sockshop_mesh_final,final_,data\sockshop_mesh_final\final_e1\run01,True,1.0,0,0,data\sockshop_mesh_final\final_e1\run01\dycause_lag9_step60_edge0.8.log,True,9,60,0.8,4,0.0,0.0,0.0,1.0,1.0,0.4,0.5714
final_e2,run01,final_final_e2_mesh_run01,Formal: NetworkDelay 300ms payment,formal,network-delay,core,payment,5,0.0022559519023934954,0.0011479824432167436,0.508868314966631,300,300,15s,business-final-v3,D:\project\homework\sockshop\data\sockshop_mesh_final,final_,data\sockshop_mesh_final\final_e2\run01,True,1.0,0,0,data\sockshop_mesh_final\final_e2\run01\dycause_lag3_step20_edge0.4.log,True,3,20,0.4,,0.0,0.0,0.0,0.0,0.0,0.0,0.0
final_e2,run01,final_final_e2_mesh_run01,Formal: NetworkDelay 300ms payment,formal,network-delay,core,payment,5,0.0022559519023934954,0.0011479824432167436,0.508868314966631,300,300,15s,business-final-v3,D:\project\homework\sockshop\data\sockshop_mesh_final,final_,data\sockshop_mesh_final\final_e2\run01,True,1.0,0,0,data\sockshop_mesh_final\final_e2\run01\dycause_lag3_step20_edge0.6.log,True,3,20,0.6,,0.0,0.0,0.0,0.0,0.0,0.0,0.0
final_e2,run01,final_final_e2_mesh_run01,Formal: NetworkDelay 300ms payment,formal,network-delay,core,payment,5,0.0022559519023934954,0.0011479824432167436,0.508868314966631,300,300,15s,business-final-v3,D:\project\homework\sockshop\data\sockshop_mesh_final,final_,data\sockshop_mesh_final\final_e2\run01,True,1.0,0,0,data\sockshop_mesh_final\final_e2\run01\dycause_lag3_step20_edge0.7.log,True,3,20,0.7,,0.0,0.0,0.0,0.0,0.0,0.0,0.0
final_e2,run01,final_final_e2_mesh_run01,Formal: NetworkDelay 300ms payment,formal,network-delay,core,payment,5,0.0022559519023934954,0.0011479824432167436,0.508868314966631,300,300,15s,business-final-v3,D:\project\homework\sockshop\data\sockshop_mesh_final,final_,data\sockshop_mesh_final\final_e2\run01,True,1.0,0,0,data\sockshop_mesh_final\final_e2\run01\dycause_lag3_step20_edge0.8.log,True,3,20,0.8,,0.0,0.0,0.0,0.0,0.0,0.0,0.0
final_e2,run01,final_final_e2_mesh_run01,Formal: NetworkDelay 300ms payment,formal,network-delay,core,payment,5,0.0022559519023934954,0.0011479824432167436,0.508868314966631,300,300,15s,business-final-v3,D:\project\homework\sockshop\data\sockshop_mesh_final,final_,data\sockshop_mesh_final\final_e2\run01,True,1.0,0,0,data\sockshop_mesh_final\final_e2\run01\dycause_lag3_step30_edge0.4.log,True,3,30,0.4,,0.0,0.0,0.0,0.0,0.0,0.0,0.0
final_e2,run01,final_final_e2_mesh_run01,Formal: NetworkDelay 300ms payment,formal,network-delay,core,payment,5,0.0022559519023934954,0.0011479824432167436,0.508868314966631,300,300,15s,business-final-v3,D:\project\homework\sockshop\data\sockshop_mesh_final,final_,data\sockshop_mesh_final\final_e2\run01,True,1.0,0,0,data\sockshop_mesh_final\final_e2\run01\dycause_lag3_step30_edge0.6.log,True,3,30,0.6,,0.0,0.0,0.0,0.0,0.0,0.0,0.0
final_e2,run01,final_final_e2_mesh_run01,Formal: NetworkDelay 300ms payment,formal,network-delay,core,payment,5,0.0022559519023934954,0.0011479824432167436,0.508868314966631,300,300,15s,business-final-v3,D:\project\homework\sockshop\data\sockshop_mesh_final,final_,data\sockshop_mesh_final\final_e2\run01,True,1.0,0,0,data\sockshop_mesh_final\final_e2\run01\dycause_lag3_step30_edge0.7.log,True,3,30,0.7,,0.0,0.0,0.0,0.0,0.0,0.0,0.0
final_e2,run01,final_final_e2_mesh_run01,Formal: NetworkDelay 300ms payment,formal,network-delay,core,payment,5,0.0022559519023934954,0.0011479824432167436,0.508868314966631,300,300,15s,business-final-v3,D:\project\homework\sockshop\data\sockshop_mesh_final,final_,data\sockshop_mesh_final\final_e2\run01,True,1.0,0,0,data\sockshop_mesh_final\final_e2\run01\dycause_lag3_step30_edge0.8.log,True,3,30,0.8,,0.0,0.0,0.0,0.0,0.0,0.0,0.0
final_e2,run01,final_final_e2_mesh_run01,Formal: NetworkDelay 300ms payment,formal,network-delay,core,payment,5,0.0022559519023934954,0.0011479824432167436,0.508868314966631,300,300,15s,business-final-v3,D:\project\homework\sockshop\data\sockshop_mesh_final,final_,data\sockshop_mesh_final\final_e2\run01,True,1.0,0,0,data\sockshop_mesh_final\final_e2\run01\dycause_lag3_step60_edge0.4.log,True,3,60,0.4,,0.0,0.0,0.0,0.0,0.0,0.0,0.0
final_e2,run01,final_final_e2_mesh_run01,Formal: NetworkDelay 300ms payment,formal,network-delay,core,payment,5,0.0022559519023934954,0.0011479824432167436,0.508868314966631,300,300,15s,business-final-v3,D:\project\homework\sockshop\data\sockshop_mesh_final,final_,data\sockshop_mesh_final\final_e2\run01,True,1.0,0,0,data\sockshop_mesh_final\final_e2\run01\dycause_lag3_step60_edge0.6.log,True,3,60,0.6,,0.0,0.0,0.0,0.0,0.0,0.0,0.0
final_e2,run01,final_final_e2_mesh_run01,Formal: NetworkDelay 300ms payment,formal,network-delay,core,payment,5,0.0022559519023934954,0.0011479824432167436,0.508868314966631,300,300,15s,business-final-v3,D:\project\homework\sockshop\data\sockshop_mesh_final,final_,data\sockshop_mesh_final\final_e2\run01,True,1.0,0,0,data\sockshop_mesh_final\final_e2\run01\dycause_lag3_step60_edge0.7.log,True,3,60,0.7,,0.0,0.0,0.0,0.0,0.0,0.0,0.0
final_e2,run01,final_final_e2_mesh_run01,Formal: NetworkDelay 300ms payment,formal,network-delay,core,payment,5,0.0022559519023934954,0.0011479824432167436,0.508868314966631,300,300,15s,business-final-v3,D:\project\homework\sockshop\data\sockshop_mesh_final,final_,data\sockshop_mesh_final\final_e2\run01,True,1.0,0,0,data\sockshop_mesh_final\final_e2\run01\dycause_lag3_step60_edge0.8.log,True,3,60,0.8,,0.0,0.0,0.0,0.0,0.0,0.0,0.0
final_e2,run01,final_final_e2_mesh_run01,Formal: NetworkDelay 300ms payment,formal,network-delay,core,payment,5,0.0022559519023934954,0.0011479824432167436,0.508868314966631,300,300,15s,business-final-v3,D:\project\homework\sockshop\data\sockshop_mesh_final,final_,data\sockshop_mesh_final\final_e2\run01,True,1.0,0,0,data\sockshop_mesh_final\final_e2\run01\dycause_lag5_step20_edge0.4.log,True,5,20,0.4,3,0.0,0.0,1.0,1.0,1.0,0.6,0.7143
final_e2,run01,final_final_e2_mesh_run01,Formal: NetworkDelay 300ms payment,formal,network-delay,core,payment,5,0.0022559519023934954,0.0011479824432167436,0.508868314966631,300,300,15s,business-final-v3,D:\project\homework\sockshop\data\sockshop_mesh_final,final_,data\sockshop_mesh_final\final_e2\run01,True,1.0,0,0,data\sockshop_mesh_final\final_e2\run01\dycause_lag5_step20_edge0.6.log,True,5,20,0.6,3,0.0,0.0,1.0,1.0,1.0,0.6,0.7143
final_e2,run01,final_final_e2_mesh_run01,Formal: NetworkDelay 300ms payment,formal,network-delay,core,payment,5,0.0022559519023934954,0.0011479824432167436,0.508868314966631,300,300,15s,business-final-v3,D:\project\homework\sockshop\data\sockshop_mesh_final,final_,data\sockshop_mesh_final\final_e2\run01,True,1.0,0,0,data\sockshop_mesh_final\final_e2\run01\dycause_lag5_step20_edge0.7.log,True,5,20,0.7,3,0.0,0.0,1.0,1.0,1.0,0.6,0.7143
final_e2,run01,final_final_e2_mesh_run01,Formal: NetworkDelay 300ms payment,formal,network-delay,core,payment,5,0.0022559519023934954,0.0011479824432167436,0.508868314966631,300,300,15s,business-final-v3,D:\project\homework\sockshop\data\sockshop_mesh_final,final_,data\sockshop_mesh_final\final_e2\run01,True,1.0,0,0,data\sockshop_mesh_final\final_e2\run01\dycause_lag5_step20_edge0.8.log,True,5,20,0.8,3,0.0,0.0,1.0,1.0,1.0,0.6,0.7143
final_e2,run01,final_final_e2_mesh_run01,Formal: NetworkDelay 300ms payment,formal,network-delay,core,payment,5,0.0022559519023934954,0.0011479824432167436,0.508868314966631,300,300,15s,business-final-v3,D:\project\homework\sockshop\data\sockshop_mesh_final,final_,data\sockshop_mesh_final\final_e2\run01,True,1.0,0,0,data\sockshop_mesh_final\final_e2\run01\dycause_lag5_step30_edge0.4.log,True,5,30,0.4,4,0.0,0.0,0.0,1.0,1.0,0.4,0.5714
final_e2,run01,final_final_e2_mesh_run01,Formal: NetworkDelay 300ms payment,formal,network-delay,core,payment,5,0.0022559519023934954,0.0011479824432167436,0.508868314966631,300,300,15s,business-final-v3,D:\project\homework\sockshop\data\sockshop_mesh_final,final_,data\sockshop_mesh_final\final_e2\run01,True,1.0,0,0,data\sockshop_mesh_final\final_e2\run01\dycause_lag5_step30_edge0.6.log,True,5,30,0.6,3,0.0,0.0,1.0,1.0,1.0,0.6,0.7143
final_e2,run01,final_final_e2_mesh_run01,Formal: NetworkDelay 300ms payment,formal,network-delay,core,payment,5,0.0022559519023934954,0.0011479824432167436,0.508868314966631,300,300,15s,business-final-v3,D:\project\homework\sockshop\data\sockshop_mesh_final,final_,data\sockshop_mesh_final\final_e2\run01,True,1.0,0,0,data\sockshop_mesh_final\final_e2\run01\dycause_lag5_step30_edge0.7.log,True,5,30,0.7,3,0.0,0.0,1.0,1.0,1.0,0.6,0.7143
final_e2,run01,final_final_e2_mesh_run01,Formal: NetworkDelay 300ms payment,formal,network-delay,core,payment,5,0.0022559519023934954,0.0011479824432167436,0.508868314966631,300,300,15s,business-final-v3,D:\project\homework\sockshop\data\sockshop_mesh_final,final_,data\sockshop_mesh_final\final_e2\run01,True,1.0,0,0,data\sockshop_mesh_final\final_e2\run01\dycause_lag5_step30_edge0.8.log,True,5,30,0.8,3,0.0,0.0,1.0,1.0,1.0,0.6,0.7143
final_e2,run01,final_final_e2_mesh_run01,Formal: NetworkDelay 300ms payment,formal,network-delay,core,payment,5,0.0022559519023934954,0.0011479824432167436,0.508868314966631,300,300,15s,business-final-v3,D:\project\homework\sockshop\data\sockshop_mesh_final,final_,data\sockshop_mesh_final\final_e2\run01,True,1.0,0,0,data\sockshop_mesh_final\final_e2\run01\dycause_lag5_step60_edge0.4.log,True,5,60,0.4,4,0.0,0.0,0.0,1.0,1.0,0.4,0.5714
final_e2,run01,final_final_e2_mesh_run01,Formal: NetworkDelay 300ms payment,formal,network-delay,core,payment,5,0.0022559519023934954,0.0011479824432167436,0.508868314966631,300,300,15s,business-final-v3,D:\project\homework\sockshop\data\sockshop_mesh_final,final_,data\sockshop_mesh_final\final_e2\run01,True,1.0,0,0,data\sockshop_mesh_final\final_e2\run01\dycause_lag5_step60_edge0.6.log,True,5,60,0.6,3,0.0,0.0,1.0,1.0,1.0,0.6,0.7143
final_e2,run01,final_final_e2_mesh_run01,Formal: NetworkDelay 300ms payment,formal,network-delay,core,payment,5,0.0022559519023934954,0.0011479824432167436,0.508868314966631,300,300,15s,business-final-v3,D:\project\homework\sockshop\data\sockshop_mesh_final,final_,data\sockshop_mesh_final\final_e2\run01,True,1.0,0,0,data\sockshop_mesh_final\final_e2\run01\dycause_lag5_step60_edge0.7.log,True,5,60,0.7,,0.0,0.0,0.0,0.0,0.0,0.0,0.0
final_e2,run01,final_final_e2_mesh_run01,Formal: NetworkDelay 300ms payment,formal,network-delay,core,payment,5,0.0022559519023934954,0.0011479824432167436,0.508868314966631,300,300,15s,business-final-v3,D:\project\homework\sockshop\data\sockshop_mesh_final,final_,data\sockshop_mesh_final\final_e2\run01,True,1.0,0,0,data\sockshop_mesh_final\final_e2\run01\dycause_lag5_step60_edge0.8.log,True,5,60,0.8,,0.0,0.0,0.0,0.0,0.0,0.0,0.0
final_e2,run01,final_final_e2_mesh_run01,Formal: NetworkDelay 300ms payment,formal,network-delay,core,payment,5,0.0022559519023934954,0.0011479824432167436,0.508868314966631,300,300,15s,business-final-v3,D:\project\homework\sockshop\data\sockshop_mesh_final,final_,data\sockshop_mesh_final\final_e2\run01,True,1.0,0,0,data\sockshop_mesh_final\final_e2\run01\dycause_lag7_step30_edge0.4.log,True,7,30,0.4,,0.0,0.0,0.0,0.0,0.0,0.0,0.0
final_e2,run01,final_final_e2_mesh_run01,Formal: NetworkDelay 300ms payment,formal,network-delay,core,payment,5,0.0022559519023934954,0.0011479824432167436,0.508868314966631,300,300,15s,business-final-v3,D:\project\homework\sockshop\data\sockshop_mesh_final,final_,data\sockshop_mesh_final\final_e2\run01,True,1.0,0,0,data\sockshop_mesh_final\final_e2\run01\dycause_lag7_step30_edge0.6.log,True,7,30,0.6,,0.0,0.0,0.0,0.0,0.0,0.0,0.0
final_e2,run01,final_final_e2_mesh_run01,Formal: NetworkDelay 300ms payment,formal,network-delay,core,payment,5,0.0022559519023934954,0.0011479824432167436,0.508868314966631,300,300,15s,business-final-v3,D:\project\homework\sockshop\data\sockshop_mesh_final,final_,data\sockshop_mesh_final\final_e2\run01,True,1.0,0,0,data\sockshop_mesh_final\final_e2\run01\dycause_lag7_step30_edge0.7.log,True,7,30,0.7,3,0.0,0.0,1.0,1.0,1.0,0.6,0.7143
final_e2,run01,final_final_e2_mesh_run01,Formal: NetworkDelay 300ms payment,formal,network-delay,core,payment,5,0.0022559519023934954,0.0011479824432167436,0.508868314966631,300,300,15s,business-final-v3,D:\project\homework\sockshop\data\sockshop_mesh_final,final_,data\sockshop_mesh_final\final_e2\run01,True,1.0,0,0,data\sockshop_mesh_final\final_e2\run01\dycause_lag7_step30_edge0.8.log,True,7,30,0.8,3,0.0,0.0,1.0,1.0,1.0,0.6,0.7143
final_e2,run01,final_final_e2_mesh_run01,Formal: NetworkDelay 300ms payment,formal,network-delay,core,payment,5,0.0022559519023934954,0.0011479824432167436,0.508868314966631,300,300,15s,business-final-v3,D:\project\homework\sockshop\data\sockshop_mesh_final,final_,data\sockshop_mesh_final\final_e2\run01,True,1.0,0,0,data\sockshop_mesh_final\final_e2\run01\dycause_lag7_step60_edge0.4.log,True,7,60,0.4,,0.0,0.0,0.0,0.0,0.0,0.0,0.0
final_e2,run01,final_final_e2_mesh_run01,Formal: NetworkDelay 300ms payment,formal,network-delay,core,payment,5,0.0022559519023934954,0.0011479824432167436,0.508868314966631,300,300,15s,business-final-v3,D:\project\homework\sockshop\data\sockshop_mesh_final,final_,data\sockshop_mesh_final\final_e2\run01,True,1.0,0,0,data\sockshop_mesh_final\final_e2\run01\dycause_lag7_step60_edge0.6.log,True,7,60,0.6,,0.0,0.0,0.0,0.0,0.0,0.0,0.0
final_e2,run01,final_final_e2_mesh_run01,Formal: NetworkDelay 300ms payment,formal,network-delay,core,payment,5,0.0022559519023934954,0.0011479824432167436,0.508868314966631,300,300,15s,business-final-v3,D:\project\homework\sockshop\data\sockshop_mesh_final,final_,data\sockshop_mesh_final\final_e2\run01,True,1.0,0,0,data\sockshop_mesh_final\final_e2\run01\dycause_lag7_step60_edge0.7.log,True,7,60,0.7,,0.0,0.0,0.0,0.0,0.0,0.0,0.0
final_e2,run01,final_final_e2_mesh_run01,Formal: NetworkDelay 300ms payment,formal,network-delay,core,payment,5,0.0022559519023934954,0.0011479824432167436,0.508868314966631,300,300,15s,business-final-v3,D:\project\homework\sockshop\data\sockshop_mesh_final,final_,data\sockshop_mesh_final\final_e2\run01,True,1.0,0,0,data\sockshop_mesh_final\final_e2\run01\dycause_lag7_step60_edge0.8.log,True,7,60,0.8,,0.0,0.0,0.0,0.0,0.0,0.0,0.0
final_e2,run01,final_final_e2_mesh_run01,Formal: NetworkDelay 300ms payment,formal,network-delay,core,payment,5,0.0022559519023934954,0.0011479824432167436,0.508868314966631,300,300,15s,business-final-v3,D:\project\homework\sockshop\data\sockshop_mesh_final,final_,data\sockshop_mesh_final\final_e2\run01,True,1.0,0,0,data\sockshop_mesh_final\final_e2\run01\dycause_lag9_step30_edge0.4.log,True,9,30,0.4,,0.0,0.0,0.0,0.0,0.0,0.0,0.0
final_e2,run01,final_final_e2_mesh_run01,Formal: NetworkDelay 300ms payment,formal,network-delay,core,payment,5,0.0022559519023934954,0.0011479824432167436,0.508868314966631,300,300,15s,business-final-v3,D:\project\homework\sockshop\data\sockshop_mesh_final,final_,data\sockshop_mesh_final\final_e2\run01,True,1.0,0,0,data\sockshop_mesh_final\final_e2\run01\dycause_lag9_step30_edge0.6.log,True,9,30,0.6,,0.0,0.0,0.0,0.0,0.0,0.0,0.0
final_e2,run01,final_final_e2_mesh_run01,Formal: NetworkDelay 300ms payment,formal,network-delay,core,payment,5,0.0022559519023934954,0.0011479824432167436,0.508868314966631,300,300,15s,business-final-v3,D:\project\homework\sockshop\data\sockshop_mesh_final,final_,data\sockshop_mesh_final\final_e2\run01,True,1.0,0,0,data\sockshop_mesh_final\final_e2\run01\dycause_lag9_step30_edge0.7.log,True,9,30,0.7,,0.0,0.0,0.0,0.0,0.0,0.0,0.0
final_e2,run01,final_final_e2_mesh_run01,Formal: NetworkDelay 300ms payment,formal,network-delay,core,payment,5,0.0022559519023934954,0.0011479824432167436,0.508868314966631,300,300,15s,business-final-v3,D:\project\homework\sockshop\data\sockshop_mesh_final,final_,data\sockshop_mesh_final\final_e2\run01,True,1.0,0,0,data\sockshop_mesh_final\final_e2\run01\dycause_lag9_step30_edge0.8.log,True,9,30,0.8,,0.0,0.0,0.0,0.0,0.0,0.0,0.0
final_e2,run01,final_final_e2_mesh_run01,Formal: NetworkDelay 300ms payment,formal,network-delay,core,payment,5,0.0022559519023934954,0.0011479824432167436,0.508868314966631,300,300,15s,business-final-v3,D:\project\homework\sockshop\data\sockshop_mesh_final,final_,data\sockshop_mesh_final\final_e2\run01,True,1.0,0,0,data\sockshop_mesh_final\final_e2\run01\dycause_lag9_step60_edge0.4.log,True,9,60,0.4,,0.0,0.0,0.0,0.0,0.0,0.0,0.0
final_e2,run01,final_final_e2_mesh_run01,Formal: NetworkDelay 300ms payment,formal,network-delay,core,payment,5,0.0022559519023934954,0.0011479824432167436,0.508868314966631,300,300,15s,business-final-v3,D:\project\homework\sockshop\data\sockshop_mesh_final,final_,data\sockshop_mesh_final\final_e2\run01,True,1.0,0,0,data\sockshop_mesh_final\final_e2\run01\dycause_lag9_step60_edge0.6.log,True,9,60,0.6,,0.0,0.0,0.0,0.0,0.0,0.0,0.0
final_e2,run01,final_final_e2_mesh_run01,Formal: NetworkDelay 300ms payment,formal,network-delay,core,payment,5,0.0022559519023934954,0.0011479824432167436,0.508868314966631,300,300,15s,business-final-v3,D:\project\homework\sockshop\data\sockshop_mesh_final,final_,data\sockshop_mesh_final\final_e2\run01,True,1.0,0,0,data\sockshop_mesh_final\final_e2\run01\dycause_lag9_step60_edge0.7.log,True,9,60,0.7,,0.0,0.0,0.0,0.0,0.0,0.0,0.0
final_e2,run01,final_final_e2_mesh_run01,Formal: NetworkDelay 300ms payment,formal,network-delay,core,payment,5,0.0022559519023934954,0.0011479824432167436,0.508868314966631,300,300,15s,business-final-v3,D:\project\homework\sockshop\data\sockshop_mesh_final,final_,data\sockshop_mesh_final\final_e2\run01,True,1.0,0,0,data\sockshop_mesh_final\final_e2\run01\dycause_lag9_step60_edge0.8.log,True,9,60,0.8,,0.0,0.0,0.0,0.0,0.0,0.0,0.0
final_e3,run01,final_final_e3_mesh_run01,Formal: NetworkLoss 5% payment,formal,network-loss,augmentation,payment,5,0.0006877580476017782,0.0009950271804248442,1.4467692292289676,300,300,15s,business-final-v3,D:\project\homework\sockshop\data\sockshop_mesh_final,final_,data\sockshop_mesh_final\final_e3\run01,True,1.0,0,0,data\sockshop_mesh_final\final_e3\run01\dycause_lag3_step20_edge0.4.log,True,3,20,0.4,,0.0,0.0,0.0,0.0,0.0,0.0,0.0
final_e3,run01,final_final_e3_mesh_run01,Formal: NetworkLoss 5% payment,formal,network-loss,augmentation,payment,5,0.0006877580476017782,0.0009950271804248442,1.4467692292289676,300,300,15s,business-final-v3,D:\project\homework\sockshop\data\sockshop_mesh_final,final_,data\sockshop_mesh_final\final_e3\run01,True,1.0,0,0,data\sockshop_mesh_final\final_e3\run01\dycause_lag3_step20_edge0.6.log,True,3,20,0.6,,0.0,0.0,0.0,0.0,0.0,0.0,0.0
final_e3,run01,final_final_e3_mesh_run01,Formal: NetworkLoss 5% payment,formal,network-loss,augmentation,payment,5,0.0006877580476017782,0.0009950271804248442,1.4467692292289676,300,300,15s,business-final-v3,D:\project\homework\sockshop\data\sockshop_mesh_final,final_,data\sockshop_mesh_final\final_e3\run01,True,1.0,0,0,data\sockshop_mesh_final\final_e3\run01\dycause_lag3_step20_edge0.7.log,True,3,20,0.7,,0.0,0.0,0.0,0.0,0.0,0.0,0.0
final_e3,run01,final_final_e3_mesh_run01,Formal: NetworkLoss 5% payment,formal,network-loss,augmentation,payment,5,0.0006877580476017782,0.0009950271804248442,1.4467692292289676,300,300,15s,business-final-v3,D:\project\homework\sockshop\data\sockshop_mesh_final,final_,data\sockshop_mesh_final\final_e3\run01,True,1.0,0,0,data\sockshop_mesh_final\final_e3\run01\dycause_lag3_step20_edge0.8.log,True,3,20,0.8,,0.0,0.0,0.0,0.0,0.0,0.0,0.0
final_e3,run01,final_final_e3_mesh_run01,Formal: NetworkLoss 5% payment,formal,network-loss,augmentation,payment,5,0.0006877580476017782,0.0009950271804248442,1.4467692292289676,300,300,15s,business-final-v3,D:\project\homework\sockshop\data\sockshop_mesh_final,final_,data\sockshop_mesh_final\final_e3\run01,True,1.0,0,0,data\sockshop_mesh_final\final_e3\run01\dycause_lag3_step30_edge0.4.log,True,3,30,0.4,,0.0,0.0,0.0,0.0,0.0,0.0,0.0
final_e3,run01,final_final_e3_mesh_run01,Formal: NetworkLoss 5% payment,formal,network-loss,augmentation,payment,5,0.0006877580476017782,0.0009950271804248442,1.4467692292289676,300,300,15s,business-final-v3,D:\project\homework\sockshop\data\sockshop_mesh_final,final_,data\sockshop_mesh_final\final_e3\run01,True,1.0,0,0,data\sockshop_mesh_final\final_e3\run01\dycause_lag3_step30_edge0.6.log,True,3,30,0.6,,0.0,0.0,0.0,0.0,0.0,0.0,0.0
final_e3,run01,final_final_e3_mesh_run01,Formal: NetworkLoss 5% payment,formal,network-loss,augmentation,payment,5,0.0006877580476017782,0.0009950271804248442,1.4467692292289676,300,300,15s,business-final-v3,D:\project\homework\sockshop\data\sockshop_mesh_final,final_,data\sockshop_mesh_final\final_e3\run01,True,1.0,0,0,data\sockshop_mesh_final\final_e3\run01\dycause_lag3_step30_edge0.7.log,True,3,30,0.7,,0.0,0.0,0.0,0.0,0.0,0.0,0.0
final_e3,run01,final_final_e3_mesh_run01,Formal: NetworkLoss 5% payment,formal,network-loss,augmentation,payment,5,0.0006877580476017782,0.0009950271804248442,1.4467692292289676,300,300,15s,business-final-v3,D:\project\homework\sockshop\data\sockshop_mesh_final,final_,data\sockshop_mesh_final\final_e3\run01,True,1.0,0,0,data\sockshop_mesh_final\final_e3\run01\dycause_lag3_step30_edge0.8.log,True,3,30,0.8,,0.0,0.0,0.0,0.0,0.0,0.0,0.0
final_e3,run01,final_final_e3_mesh_run01,Formal: NetworkLoss 5% payment,formal,network-loss,augmentation,payment,5,0.0006877580476017782,0.0009950271804248442,1.4467692292289676,300,300,15s,business-final-v3,D:\project\homework\sockshop\data\sockshop_mesh_final,final_,data\sockshop_mesh_final\final_e3\run01,True,1.0,0,0,data\sockshop_mesh_final\final_e3\run01\dycause_lag3_step60_edge0.4.log,True,3,60,0.4,,0.0,0.0,0.0,0.0,0.0,0.0,0.0
final_e3,run01,final_final_e3_mesh_run01,Formal: NetworkLoss 5% payment,formal,network-loss,augmentation,payment,5,0.0006877580476017782,0.0009950271804248442,1.4467692292289676,300,300,15s,business-final-v3,D:\project\homework\sockshop\data\sockshop_mesh_final,final_,data\sockshop_mesh_final\final_e3\run01,True,1.0,0,0,data\sockshop_mesh_final\final_e3\run01\dycause_lag3_step60_edge0.6.log,True,3,60,0.6,,0.0,0.0,0.0,0.0,0.0,0.0,0.0
final_e3,run01,final_final_e3_mesh_run01,Formal: NetworkLoss 5% payment,formal,network-loss,augmentation,payment,5,0.0006877580476017782,0.0009950271804248442,1.4467692292289676,300,300,15s,business-final-v3,D:\project\homework\sockshop\data\sockshop_mesh_final,final_,data\sockshop_mesh_final\final_e3\run01,True,1.0,0,0,data\sockshop_mesh_final\final_e3\run01\dycause_lag3_step60_edge0.7.log,True,3,60,0.7,,0.0,0.0,0.0,0.0,0.0,0.0,0.0
final_e3,run01,final_final_e3_mesh_run01,Formal: NetworkLoss 5% payment,formal,network-loss,augmentation,payment,5,0.0006877580476017782,0.0009950271804248442,1.4467692292289676,300,300,15s,business-final-v3,D:\project\homework\sockshop\data\sockshop_mesh_final,final_,data\sockshop_mesh_final\final_e3\run01,True,1.0,0,0,data\sockshop_mesh_final\final_e3\run01\dycause_lag3_step60_edge0.8.log,True,3,60,0.8,,0.0,0.0,0.0,0.0,0.0,0.0,0.0
final_e3,run01,final_final_e3_mesh_run01,Formal: NetworkLoss 5% payment,formal,network-loss,augmentation,payment,5,0.0006877580476017782,0.0009950271804248442,1.4467692292289676,300,300,15s,business-final-v3,D:\project\homework\sockshop\data\sockshop_mesh_final,final_,data\sockshop_mesh_final\final_e3\run01,True,1.0,0,0,data\sockshop_mesh_final\final_e3\run01\dycause_lag5_step20_edge0.4.log,True,5,20,0.4,,0.0,0.0,0.0,0.0,0.0,0.0,0.0
final_e3,run01,final_final_e3_mesh_run01,Formal: NetworkLoss 5% payment,formal,network-loss,augmentation,payment,5,0.0006877580476017782,0.0009950271804248442,1.4467692292289676,300,300,15s,business-final-v3,D:\project\homework\sockshop\data\sockshop_mesh_final,final_,data\sockshop_mesh_final\final_e3\run01,True,1.0,0,0,data\sockshop_mesh_final\final_e3\run01\dycause_lag5_step20_edge0.6.log,True,5,20,0.6,,0.0,0.0,0.0,0.0,0.0,0.0,0.0
final_e3,run01,final_final_e3_mesh_run01,Formal: NetworkLoss 5% payment,formal,network-loss,augmentation,payment,5,0.0006877580476017782,0.0009950271804248442,1.4467692292289676,300,300,15s,business-final-v3,D:\project\homework\sockshop\data\sockshop_mesh_final,final_,data\sockshop_mesh_final\final_e3\run01,True,1.0,0,0,data\sockshop_mesh_final\final_e3\run01\dycause_lag5_step20_edge0.7.log,True,5,20,0.7,,0.0,0.0,0.0,0.0,0.0,0.0,0.0
final_e3,run01,final_final_e3_mesh_run01,Formal: NetworkLoss 5% payment,formal,network-loss,augmentation,payment,5,0.0006877580476017782,0.0009950271804248442,1.4467692292289676,300,300,15s,business-final-v3,D:\project\homework\sockshop\data\sockshop_mesh_final,final_,data\sockshop_mesh_final\final_e3\run01,True,1.0,0,0,data\sockshop_mesh_final\final_e3\run01\dycause_lag5_step20_edge0.8.log,True,5,20,0.8,,0.0,0.0,0.0,0.0,0.0,0.0,0.0
final_e3,run01,final_final_e3_mesh_run01,Formal: NetworkLoss 5% payment,formal,network-loss,augmentation,payment,5,0.0006877580476017782,0.0009950271804248442,1.4467692292289676,300,300,15s,business-final-v3,D:\project\homework\sockshop\data\sockshop_mesh_final,final_,data\sockshop_mesh_final\final_e3\run01,True,1.0,0,0,data\sockshop_mesh_final\final_e3\run01\dycause_lag5_step30_edge0.4.log,True,5,30,0.4,,0.0,0.0,0.0,0.0,0.0,0.0,0.0
final_e3,run01,final_final_e3_mesh_run01,Formal: NetworkLoss 5% payment,formal,network-loss,augmentation,payment,5,0.0006877580476017782,0.0009950271804248442,1.4467692292289676,300,300,15s,business-final-v3,D:\project\homework\sockshop\data\sockshop_mesh_final,final_,data\sockshop_mesh_final\final_e3\run01,True,1.0,0,0,data\sockshop_mesh_final\final_e3\run01\dycause_lag5_step30_edge0.6.log,True,5,30,0.6,,0.0,0.0,0.0,0.0,0.0,0.0,0.0
final_e3,run01,final_final_e3_mesh_run01,Formal: NetworkLoss 5% payment,formal,network-loss,augmentation,payment,5,0.0006877580476017782,0.0009950271804248442,1.4467692292289676,300,300,15s,business-final-v3,D:\project\homework\sockshop\data\sockshop_mesh_final,final_,data\sockshop_mesh_final\final_e3\run01,True,1.0,0,0,data\sockshop_mesh_final\final_e3\run01\dycause_lag5_step30_edge0.7.log,True,5,30,0.7,1,1.0,1.0,1.0,1.0,1.0,1.0,1.0
final_e3,run01,final_final_e3_mesh_run01,Formal: NetworkLoss 5% payment,formal,network-loss,augmentation,payment,5,0.0006877580476017782,0.0009950271804248442,1.4467692292289676,300,300,15s,business-final-v3,D:\project\homework\sockshop\data\sockshop_mesh_final,final_,data\sockshop_mesh_final\final_e3\run01,True,1.0,0,0,data\sockshop_mesh_final\final_e3\run01\dycause_lag5_step30_edge0.8.log,True,5,30,0.8,,0.0,0.0,0.0,0.0,0.0,0.0,0.0
final_e3,run01,final_final_e3_mesh_run01,Formal: NetworkLoss 5% payment,formal,network-loss,augmentation,payment,5,0.0006877580476017782,0.0009950271804248442,1.4467692292289676,300,300,15s,business-final-v3,D:\project\homework\sockshop\data\sockshop_mesh_final,final_,data\sockshop_mesh_final\final_e3\run01,True,1.0,0,0,data\sockshop_mesh_final\final_e3\run01\dycause_lag5_step60_edge0.4.log,True,5,60,0.4,,0.0,0.0,0.0,0.0,0.0,0.0,0.0
final_e3,run01,final_final_e3_mesh_run01,Formal: NetworkLoss 5% payment,formal,network-loss,augmentation,payment,5,0.0006877580476017782,0.0009950271804248442,1.4467692292289676,300,300,15s,business-final-v3,D:\project\homework\sockshop\data\sockshop_mesh_final,final_,data\sockshop_mesh_final\final_e3\run01,True,1.0,0,0,data\sockshop_mesh_final\final_e3\run01\dycause_lag5_step60_edge0.6.log,True,5,60,0.6,,0.0,0.0,0.0,0.0,0.0,0.0,0.0
final_e3,run01,final_final_e3_mesh_run01,Formal: NetworkLoss 5% payment,formal,network-loss,augmentation,payment,5,0.0006877580476017782,0.0009950271804248442,1.4467692292289676,300,300,15s,business-final-v3,D:\project\homework\sockshop\data\sockshop_mesh_final,final_,data\sockshop_mesh_final\final_e3\run01,True,1.0,0,0,data\sockshop_mesh_final\final_e3\run01\dycause_lag5_step60_edge0.7.log,True,5,60,0.7,,0.0,0.0,0.0,0.0,0.0,0.0,0.0
final_e3,run01,final_final_e3_mesh_run01,Formal: NetworkLoss 5% payment,formal,network-loss,augmentation,payment,5,0.0006877580476017782,0.0009950271804248442,1.4467692292289676,300,300,15s,business-final-v3,D:\project\homework\sockshop\data\sockshop_mesh_final,final_,data\sockshop_mesh_final\final_e3\run01,True,1.0,0,0,data\sockshop_mesh_final\final_e3\run01\dycause_lag5_step60_edge0.8.log,True,5,60,0.8,,0.0,0.0,0.0,0.0,0.0,0.0,0.0
final_e3,run01,final_final_e3_mesh_run01,Formal: NetworkLoss 5% payment,formal,network-loss,augmentation,payment,5,0.0006877580476017782,0.0009950271804248442,1.4467692292289676,300,300,15s,business-final-v3,D:\project\homework\sockshop\data\sockshop_mesh_final,final_,data\sockshop_mesh_final\final_e3\run01,True,1.0,0,0,data\sockshop_mesh_final\final_e3\run01\dycause_lag7_step30_edge0.4.log,True,7,30,0.4,,0.0,0.0,0.0,0.0,0.0,0.0,0.0
final_e3,run01,final_final_e3_mesh_run01,Formal: NetworkLoss 5% payment,formal,network-loss,augmentation,payment,5,0.0006877580476017782,0.0009950271804248442,1.4467692292289676,300,300,15s,business-final-v3,D:\project\homework\sockshop\data\sockshop_mesh_final,final_,data\sockshop_mesh_final\final_e3\run01,True,1.0,0,0,data\sockshop_mesh_final\final_e3\run01\dycause_lag7_step30_edge0.6.log,True,7,30,0.6,,0.0,0.0,0.0,0.0,0.0,0.0,0.0
final_e3,run01,final_final_e3_mesh_run01,Formal: NetworkLoss 5% payment,formal,network-loss,augmentation,payment,5,0.0006877580476017782,0.0009950271804248442,1.4467692292289676,300,300,15s,business-final-v3,D:\project\homework\sockshop\data\sockshop_mesh_final,final_,data\sockshop_mesh_final\final_e3\run01,True,1.0,0,0,data\sockshop_mesh_final\final_e3\run01\dycause_lag7_step30_edge0.7.log,True,7,30,0.7,,0.0,0.0,0.0,0.0,0.0,0.0,0.0
final_e3,run01,final_final_e3_mesh_run01,Formal: NetworkLoss 5% payment,formal,network-loss,augmentation,payment,5,0.0006877580476017782,0.0009950271804248442,1.4467692292289676,300,300,15s,business-final-v3,D:\project\homework\sockshop\data\sockshop_mesh_final,final_,data\sockshop_mesh_final\final_e3\run01,True,1.0,0,0,data\sockshop_mesh_final\final_e3\run01\dycause_lag7_step30_edge0.8.log,True,7,30,0.8,,0.0,0.0,0.0,0.0,0.0,0.0,0.0
final_e3,run01,final_final_e3_mesh_run01,Formal: NetworkLoss 5% payment,formal,network-loss,augmentation,payment,5,0.0006877580476017782,0.0009950271804248442,1.4467692292289676,300,300,15s,business-final-v3,D:\project\homework\sockshop\data\sockshop_mesh_final,final_,data\sockshop_mesh_final\final_e3\run01,True,1.0,0,0,data\sockshop_mesh_final\final_e3\run01\dycause_lag7_step60_edge0.4.log,True,7,60,0.4,,0.0,0.0,0.0,0.0,0.0,0.0,0.0
final_e3,run01,final_final_e3_mesh_run01,Formal: NetworkLoss 5% payment,formal,network-loss,augmentation,payment,5,0.0006877580476017782,0.0009950271804248442,1.4467692292289676,300,300,15s,business-final-v3,D:\project\homework\sockshop\data\sockshop_mesh_final,final_,data\sockshop_mesh_final\final_e3\run01,True,1.0,0,0,data\sockshop_mesh_final\final_e3\run01\dycause_lag7_step60_edge0.6.log,True,7,60,0.6,,0.0,0.0,0.0,0.0,0.0,0.0,0.0
final_e3,run01,final_final_e3_mesh_run01,Formal: NetworkLoss 5% payment,formal,network-loss,augmentation,payment,5,0.0006877580476017782,0.0009950271804248442,1.4467692292289676,300,300,15s,business-final-v3,D:\project\homework\sockshop\data\sockshop_mesh_final,final_,data\sockshop_mesh_final\final_e3\run01,True,1.0,0,0,data\sockshop_mesh_final\final_e3\run01\dycause_lag7_step60_edge0.7.log,True,7,60,0.7,,0.0,0.0,0.0,0.0,0.0,0.0,0.0
final_e3,run01,final_final_e3_mesh_run01,Formal: NetworkLoss 5% payment,formal,network-loss,augmentation,payment,5,0.0006877580476017782,0.0009950271804248442,1.4467692292289676,300,300,15s,business-final-v3,D:\project\homework\sockshop\data\sockshop_mesh_final,final_,data\sockshop_mesh_final\final_e3\run01,True,1.0,0,0,data\sockshop_mesh_final\final_e3\run01\dycause_lag7_step60_edge0.8.log,True,7,60,0.8,,0.0,0.0,0.0,0.0,0.0,0.0,0.0
final_e3,run01,final_final_e3_mesh_run01,Formal: NetworkLoss 5% payment,formal,network-loss,augmentation,payment,5,0.0006877580476017782,0.0009950271804248442,1.4467692292289676,300,300,15s,business-final-v3,D:\project\homework\sockshop\data\sockshop_mesh_final,final_,data\sockshop_mesh_final\final_e3\run01,True,1.0,0,0,data\sockshop_mesh_final\final_e3\run01\dycause_lag9_step30_edge0.4.log,True,9,30,0.4,,0.0,0.0,0.0,0.0,0.0,0.0,0.0
final_e3,run01,final_final_e3_mesh_run01,Formal: NetworkLoss 5% payment,formal,network-loss,augmentation,payment,5,0.0006877580476017782,0.0009950271804248442,1.4467692292289676,300,300,15s,business-final-v3,D:\project\homework\sockshop\data\sockshop_mesh_final,final_,data\sockshop_mesh_final\final_e3\run01,True,1.0,0,0,data\sockshop_mesh_final\final_e3\run01\dycause_lag9_step30_edge0.6.log,True,9,30,0.6,,0.0,0.0,0.0,0.0,0.0,0.0,0.0
final_e3,run01,final_final_e3_mesh_run01,Formal: NetworkLoss 5% payment,formal,network-loss,augmentation,payment,5,0.0006877580476017782,0.0009950271804248442,1.4467692292289676,300,300,15s,business-final-v3,D:\project\homework\sockshop\data\sockshop_mesh_final,final_,data\sockshop_mesh_final\final_e3\run01,True,1.0,0,0,data\sockshop_mesh_final\final_e3\run01\dycause_lag9_step30_edge0.7.log,True,9,30,0.7,,0.0,0.0,0.0,0.0,0.0,0.0,0.0
final_e3,run01,final_final_e3_mesh_run01,Formal: NetworkLoss 5% payment,formal,network-loss,augmentation,payment,5,0.0006877580476017782,0.0009950271804248442,1.4467692292289676,300,300,15s,business-final-v3,D:\project\homework\sockshop\data\sockshop_mesh_final,final_,data\sockshop_mesh_final\final_e3\run01,True,1.0,0,0,data\sockshop_mesh_final\final_e3\run01\dycause_lag9_step30_edge0.8.log,True,9,30,0.8,,0.0,0.0,0.0,0.0,0.0,0.0,0.0
final_e3,run01,final_final_e3_mesh_run01,Formal: NetworkLoss 5% payment,formal,network-loss,augmentation,payment,5,0.0006877580476017782,0.0009950271804248442,1.4467692292289676,300,300,15s,business-final-v3,D:\project\homework\sockshop\data\sockshop_mesh_final,final_,data\sockshop_mesh_final\final_e3\run01,True,1.0,0,0,data\sockshop_mesh_final\final_e3\run01\dycause_lag9_step60_edge0.4.log,True,9,60,0.4,,0.0,0.0,0.0,0.0,0.0,0.0,0.0
final_e3,run01,final_final_e3_mesh_run01,Formal: NetworkLoss 5% payment,formal,network-loss,augmentation,payment,5,0.0006877580476017782,0.0009950271804248442,1.4467692292289676,300,300,15s,business-final-v3,D:\project\homework\sockshop\data\sockshop_mesh_final,final_,data\sockshop_mesh_final\final_e3\run01,True,1.0,0,0,data\sockshop_mesh_final\final_e3\run01\dycause_lag9_step60_edge0.6.log,True,9,60,0.6,,0.0,0.0,0.0,0.0,0.0,0.0,0.0
final_e3,run01,final_final_e3_mesh_run01,Formal: NetworkLoss 5% payment,formal,network-loss,augmentation,payment,5,0.0006877580476017782,0.0009950271804248442,1.4467692292289676,300,300,15s,business-final-v3,D:\project\homework\sockshop\data\sockshop_mesh_final,final_,data\sockshop_mesh_final\final_e3\run01,True,1.0,0,0,data\sockshop_mesh_final\final_e3\run01\dycause_lag9_step60_edge0.7.log,True,9,60,0.7,,0.0,0.0,0.0,0.0,0.0,0.0,0.0
final_e3,run01,final_final_e3_mesh_run01,Formal: NetworkLoss 5% payment,formal,network-loss,augmentation,payment,5,0.0006877580476017782,0.0009950271804248442,1.4467692292289676,300,300,15s,business-final-v3,D:\project\homework\sockshop\data\sockshop_mesh_final,final_,data\sockshop_mesh_final\final_e3\run01,True,1.0,0,0,data\sockshop_mesh_final\final_e3\run01\dycause_lag9_step60_edge0.8.log,True,9,60,0.8,,0.0,0.0,0.0,0.0,0.0,0.0,0.0
final_e4,run01,final_final_e4_mesh_run01,Formal: Pod-Kill orders,formal,pod-kill,core,orders,4,0.01756192268099394,0.0946786023769885,5.3911296671094355,300,300,15s,business-final-v3,D:\project\homework\sockshop\data\sockshop_mesh_final,final_,data\sockshop_mesh_final\final_e4\run01,False,0.94,36,0,data\sockshop_mesh_final\final_e4\run01\dycause_lag3_step20_edge0.4.log,True,3,20,0.4,,0.0,0.0,0.0,0.0,0.0,0.0,0.0
final_e4,run01,final_final_e4_mesh_run01,Formal: Pod-Kill orders,formal,pod-kill,core,orders,4,0.01756192268099394,0.0946786023769885,5.3911296671094355,300,300,15s,business-final-v3,D:\project\homework\sockshop\data\sockshop_mesh_final,final_,data\sockshop_mesh_final\final_e4\run01,False,0.94,36,0,data\sockshop_mesh_final\final_e4\run01\dycause_lag3_step20_edge0.6.log,True,3,20,0.6,,0.0,0.0,0.0,0.0,0.0,0.0,0.0
final_e4,run01,final_final_e4_mesh_run01,Formal: Pod-Kill orders,formal,pod-kill,core,orders,4,0.01756192268099394,0.0946786023769885,5.3911296671094355,300,300,15s,business-final-v3,D:\project\homework\sockshop\data\sockshop_mesh_final,final_,data\sockshop_mesh_final\final_e4\run01,False,0.94,36,0,data\sockshop_mesh_final\final_e4\run01\dycause_lag3_step20_edge0.7.log,True,3,20,0.7,,0.0,0.0,0.0,0.0,0.0,0.0,0.0
final_e4,run01,final_final_e4_mesh_run01,Formal: Pod-Kill orders,formal,pod-kill,core,orders,4,0.01756192268099394,0.0946786023769885,5.3911296671094355,300,300,15s,business-final-v3,D:\project\homework\sockshop\data\sockshop_mesh_final,final_,data\sockshop_mesh_final\final_e4\run01,False,0.94,36,0,data\sockshop_mesh_final\final_e4\run01\dycause_lag3_step20_edge0.8.log,True,3,20,0.8,,0.0,0.0,0.0,0.0,0.0,0.0,0.0
final_e4,run01,final_final_e4_mesh_run01,Formal: Pod-Kill orders,formal,pod-kill,core,orders,4,0.01756192268099394,0.0946786023769885,5.3911296671094355,300,300,15s,business-final-v3,D:\project\homework\sockshop\data\sockshop_mesh_final,final_,data\sockshop_mesh_final\final_e4\run01,False,0.94,36,0,data\sockshop_mesh_final\final_e4\run01\dycause_lag3_step30_edge0.4.log,True,3,30,0.4,,0.0,0.0,0.0,0.0,0.0,0.0,0.0
final_e4,run01,final_final_e4_mesh_run01,Formal: Pod-Kill orders,formal,pod-kill,core,orders,4,0.01756192268099394,0.0946786023769885,5.3911296671094355,300,300,15s,business-final-v3,D:\project\homework\sockshop\data\sockshop_mesh_final,final_,data\sockshop_mesh_final\final_e4\run01,False,0.94,36,0,data\sockshop_mesh_final\final_e4\run01\dycause_lag3_step30_edge0.6.log,True,3,30,0.6,1,1.0,1.0,1.0,1.0,1.0,1.0,1.0
final_e4,run01,final_final_e4_mesh_run01,Formal: Pod-Kill orders,formal,pod-kill,core,orders,4,0.01756192268099394,0.0946786023769885,5.3911296671094355,300,300,15s,business-final-v3,D:\project\homework\sockshop\data\sockshop_mesh_final,final_,data\sockshop_mesh_final\final_e4\run01,False,0.94,36,0,data\sockshop_mesh_final\final_e4\run01\dycause_lag3_step30_edge0.7.log,True,3,30,0.7,1,1.0,1.0,1.0,1.0,1.0,1.0,1.0
final_e4,run01,final_final_e4_mesh_run01,Formal: Pod-Kill orders,formal,pod-kill,core,orders,4,0.01756192268099394,0.0946786023769885,5.3911296671094355,300,300,15s,business-final-v3,D:\project\homework\sockshop\data\sockshop_mesh_final,final_,data\sockshop_mesh_final\final_e4\run01,False,0.94,36,0,data\sockshop_mesh_final\final_e4\run01\dycause_lag3_step30_edge0.8.log,True,3,30,0.8,1,1.0,1.0,1.0,1.0,1.0,1.0,1.0
final_e4,run01,final_final_e4_mesh_run01,Formal: Pod-Kill orders,formal,pod-kill,core,orders,4,0.01756192268099394,0.0946786023769885,5.3911296671094355,300,300,15s,business-final-v3,D:\project\homework\sockshop\data\sockshop_mesh_final,final_,data\sockshop_mesh_final\final_e4\run01,False,0.94,36,0,data\sockshop_mesh_final\final_e4\run01\dycause_lag3_step60_edge0.4.log,True,3,60,0.4,,0.0,0.0,0.0,0.0,0.0,0.0,0.0
final_e4,run01,final_final_e4_mesh_run01,Formal: Pod-Kill orders,formal,pod-kill,core,orders,4,0.01756192268099394,0.0946786023769885,5.3911296671094355,300,300,15s,business-final-v3,D:\project\homework\sockshop\data\sockshop_mesh_final,final_,data\sockshop_mesh_final\final_e4\run01,False,0.94,36,0,data\sockshop_mesh_final\final_e4\run01\dycause_lag3_step60_edge0.6.log,True,3,60,0.6,,0.0,0.0,0.0,0.0,0.0,0.0,0.0
final_e4,run01,final_final_e4_mesh_run01,Formal: Pod-Kill orders,formal,pod-kill,core,orders,4,0.01756192268099394,0.0946786023769885,5.3911296671094355,300,300,15s,business-final-v3,D:\project\homework\sockshop\data\sockshop_mesh_final,final_,data\sockshop_mesh_final\final_e4\run01,False,0.94,36,0,data\sockshop_mesh_final\final_e4\run01\dycause_lag3_step60_edge0.7.log,True,3,60,0.7,,0.0,0.0,0.0,0.0,0.0,0.0,0.0
final_e4,run01,final_final_e4_mesh_run01,Formal: Pod-Kill orders,formal,pod-kill,core,orders,4,0.01756192268099394,0.0946786023769885,5.3911296671094355,300,300,15s,business-final-v3,D:\project\homework\sockshop\data\sockshop_mesh_final,final_,data\sockshop_mesh_final\final_e4\run01,False,0.94,36,0,data\sockshop_mesh_final\final_e4\run01\dycause_lag3_step60_edge0.8.log,True,3,60,0.8,,0.0,0.0,0.0,0.0,0.0,0.0,0.0
final_e4,run01,final_final_e4_mesh_run01,Formal: Pod-Kill orders,formal,pod-kill,core,orders,4,0.01756192268099394,0.0946786023769885,5.3911296671094355,300,300,15s,business-final-v3,D:\project\homework\sockshop\data\sockshop_mesh_final,final_,data\sockshop_mesh_final\final_e4\run01,False,0.94,36,0,data\sockshop_mesh_final\final_e4\run01\dycause_lag5_step20_edge0.4.log,True,5,20,0.4,3,0.0,0.0,1.0,1.0,1.0,0.6,0.7143
final_e4,run01,final_final_e4_mesh_run01,Formal: Pod-Kill orders,formal,pod-kill,core,orders,4,0.01756192268099394,0.0946786023769885,5.3911296671094355,300,300,15s,business-final-v3,D:\project\homework\sockshop\data\sockshop_mesh_final,final_,data\sockshop_mesh_final\final_e4\run01,False,0.94,36,0,data\sockshop_mesh_final\final_e4\run01\dycause_lag5_step20_edge0.6.log,True,5,20,0.6,3,0.0,0.0,1.0,1.0,1.0,0.6,0.7143
final_e4,run01,final_final_e4_mesh_run01,Formal: Pod-Kill orders,formal,pod-kill,core,orders,4,0.01756192268099394,0.0946786023769885,5.3911296671094355,300,300,15s,business-final-v3,D:\project\homework\sockshop\data\sockshop_mesh_final,final_,data\sockshop_mesh_final\final_e4\run01,False,0.94,36,0,data\sockshop_mesh_final\final_e4\run01\dycause_lag5_step20_edge0.7.log,True,5,20,0.7,3,0.0,0.0,1.0,1.0,1.0,0.6,0.7143
final_e4,run01,final_final_e4_mesh_run01,Formal: Pod-Kill orders,formal,pod-kill,core,orders,4,0.01756192268099394,0.0946786023769885,5.3911296671094355,300,300,15s,business-final-v3,D:\project\homework\sockshop\data\sockshop_mesh_final,final_,data\sockshop_mesh_final\final_e4\run01,False,0.94,36,0,data\sockshop_mesh_final\final_e4\run01\dycause_lag5_step20_edge0.8.log,True,5,20,0.8,3,0.0,0.0,1.0,1.0,1.0,0.6,0.7143
final_e4,run01,final_final_e4_mesh_run01,Formal: Pod-Kill orders,formal,pod-kill,core,orders,4,0.01756192268099394,0.0946786023769885,5.3911296671094355,300,300,15s,business-final-v3,D:\project\homework\sockshop\data\sockshop_mesh_final,final_,data\sockshop_mesh_final\final_e4\run01,False,0.94,36,0,data\sockshop_mesh_final\final_e4\run01\dycause_lag5_step30_edge0.4.log,True,5,30,0.4,3,0.0,0.0,1.0,1.0,1.0,0.6,0.7143
final_e4,run01,final_final_e4_mesh_run01,Formal: Pod-Kill orders,formal,pod-kill,core,orders,4,0.01756192268099394,0.0946786023769885,5.3911296671094355,300,300,15s,business-final-v3,D:\project\homework\sockshop\data\sockshop_mesh_final,final_,data\sockshop_mesh_final\final_e4\run01,False,0.94,36,0,data\sockshop_mesh_final\final_e4\run01\dycause_lag5_step30_edge0.6.log,True,5,30,0.6,3,0.0,0.0,1.0,1.0,1.0,0.6,0.7143
final_e4,run01,final_final_e4_mesh_run01,Formal: Pod-Kill orders,formal,pod-kill,core,orders,4,0.01756192268099394,0.0946786023769885,5.3911296671094355,300,300,15s,business-final-v3,D:\project\homework\sockshop\data\sockshop_mesh_final,final_,data\sockshop_mesh_final\final_e4\run01,False,0.94,36,0,data\sockshop_mesh_final\final_e4\run01\dycause_lag5_step30_edge0.7.log,True,5,30,0.7,3,0.0,0.0,1.0,1.0,1.0,0.6,0.7143
final_e4,run01,final_final_e4_mesh_run01,Formal: Pod-Kill orders,formal,pod-kill,core,orders,4,0.01756192268099394,0.0946786023769885,5.3911296671094355,300,300,15s,business-final-v3,D:\project\homework\sockshop\data\sockshop_mesh_final,final_,data\sockshop_mesh_final\final_e4\run01,False,0.94,36,0,data\sockshop_mesh_final\final_e4\run01\dycause_lag5_step30_edge0.8.log,True,5,30,0.8,3,0.0,0.0,1.0,1.0,1.0,0.6,0.7143
final_e4,run01,final_final_e4_mesh_run01,Formal: Pod-Kill orders,formal,pod-kill,core,orders,4,0.01756192268099394,0.0946786023769885,5.3911296671094355,300,300,15s,business-final-v3,D:\project\homework\sockshop\data\sockshop_mesh_final,final_,data\sockshop_mesh_final\final_e4\run01,False,0.94,36,0,data\sockshop_mesh_final\final_e4\run01\dycause_lag5_step60_edge0.4.log,True,5,60,0.4,,0.0,0.0,0.0,0.0,0.0,0.0,0.0
final_e4,run01,final_final_e4_mesh_run01,Formal: Pod-Kill orders,formal,pod-kill,core,orders,4,0.01756192268099394,0.0946786023769885,5.3911296671094355,300,300,15s,business-final-v3,D:\project\homework\sockshop\data\sockshop_mesh_final,final_,data\sockshop_mesh_final\final_e4\run01,False,0.94,36,0,data\sockshop_mesh_final\final_e4\run01\dycause_lag5_step60_edge0.6.log,True,5,60,0.6,,0.0,0.0,0.0,0.0,0.0,0.0,0.0
final_e4,run01,final_final_e4_mesh_run01,Formal: Pod-Kill orders,formal,pod-kill,core,orders,4,0.01756192268099394,0.0946786023769885,5.3911296671094355,300,300,15s,business-final-v3,D:\project\homework\sockshop\data\sockshop_mesh_final,final_,data\sockshop_mesh_final\final_e4\run01,False,0.94,36,0,data\sockshop_mesh_final\final_e4\run01\dycause_lag5_step60_edge0.7.log,True,5,60,0.7,3,0.0,0.0,1.0,1.0,1.0,0.6,0.7143
final_e4,run01,final_final_e4_mesh_run01,Formal: Pod-Kill orders,formal,pod-kill,core,orders,4,0.01756192268099394,0.0946786023769885,5.3911296671094355,300,300,15s,business-final-v3,D:\project\homework\sockshop\data\sockshop_mesh_final,final_,data\sockshop_mesh_final\final_e4\run01,False,0.94,36,0,data\sockshop_mesh_final\final_e4\run01\dycause_lag5_step60_edge0.8.log,True,5,60,0.8,3,0.0,0.0,1.0,1.0,1.0,0.6,0.7143
final_e4,run01,final_final_e4_mesh_run01,Formal: Pod-Kill orders,formal,pod-kill,core,orders,4,0.01756192268099394,0.0946786023769885,5.3911296671094355,300,300,15s,business-final-v3,D:\project\homework\sockshop\data\sockshop_mesh_final,final_,data\sockshop_mesh_final\final_e4\run01,False,0.94,36,0,data\sockshop_mesh_final\final_e4\run01\dycause_lag7_step30_edge0.4.log,True,7,30,0.4,3,0.0,0.0,1.0,1.0,1.0,0.6,0.7143
final_e4,run01,final_final_e4_mesh_run01,Formal: Pod-Kill orders,formal,pod-kill,core,orders,4,0.01756192268099394,0.0946786023769885,5.3911296671094355,300,300,15s,business-final-v3,D:\project\homework\sockshop\data\sockshop_mesh_final,final_,data\sockshop_mesh_final\final_e4\run01,False,0.94,36,0,data\sockshop_mesh_final\final_e4\run01\dycause_lag7_step30_edge0.6.log,True,7,30,0.6,4,0.0,0.0,0.0,1.0,1.0,0.4,0.5714
final_e4,run01,final_final_e4_mesh_run01,Formal: Pod-Kill orders,formal,pod-kill,core,orders,4,0.01756192268099394,0.0946786023769885,5.3911296671094355,300,300,15s,business-final-v3,D:\project\homework\sockshop\data\sockshop_mesh_final,final_,data\sockshop_mesh_final\final_e4\run01,False,0.94,36,0,data\sockshop_mesh_final\final_e4\run01\dycause_lag7_step30_edge0.7.log,True,7,30,0.7,4,0.0,0.0,0.0,1.0,1.0,0.4,0.5714
final_e4,run01,final_final_e4_mesh_run01,Formal: Pod-Kill orders,formal,pod-kill,core,orders,4,0.01756192268099394,0.0946786023769885,5.3911296671094355,300,300,15s,business-final-v3,D:\project\homework\sockshop\data\sockshop_mesh_final,final_,data\sockshop_mesh_final\final_e4\run01,False,0.94,36,0,data\sockshop_mesh_final\final_e4\run01\dycause_lag7_step30_edge0.8.log,True,7,30,0.8,4,0.0,0.0,0.0,1.0,1.0,0.4,0.5714
final_e4,run01,final_final_e4_mesh_run01,Formal: Pod-Kill orders,formal,pod-kill,core,orders,4,0.01756192268099394,0.0946786023769885,5.3911296671094355,300,300,15s,business-final-v3,D:\project\homework\sockshop\data\sockshop_mesh_final,final_,data\sockshop_mesh_final\final_e4\run01,False,0.94,36,0,data\sockshop_mesh_final\final_e4\run01\dycause_lag7_step60_edge0.4.log,True,7,60,0.4,3,0.0,0.0,1.0,1.0,1.0,0.6,0.7143
final_e4,run01,final_final_e4_mesh_run01,Formal: Pod-Kill orders,formal,pod-kill,core,orders,4,0.01756192268099394,0.0946786023769885,5.3911296671094355,300,300,15s,business-final-v3,D:\project\homework\sockshop\data\sockshop_mesh_final,final_,data\sockshop_mesh_final\final_e4\run01,False,0.94,36,0,data\sockshop_mesh_final\final_e4\run01\dycause_lag7_step60_edge0.6.log,True,7,60,0.6,3,0.0,0.0,1.0,1.0,1.0,0.6,0.7143
final_e4,run01,final_final_e4_mesh_run01,Formal: Pod-Kill orders,formal,pod-kill,core,orders,4,0.01756192268099394,0.0946786023769885,5.3911296671094355,300,300,15s,business-final-v3,D:\project\homework\sockshop\data\sockshop_mesh_final,final_,data\sockshop_mesh_final\final_e4\run01,False,0.94,36,0,data\sockshop_mesh_final\final_e4\run01\dycause_lag7_step60_edge0.7.log,True,7,60,0.7,3,0.0,0.0,1.0,1.0,1.0,0.6,0.7143
final_e4,run01,final_final_e4_mesh_run01,Formal: Pod-Kill orders,formal,pod-kill,core,orders,4,0.01756192268099394,0.0946786023769885,5.3911296671094355,300,300,15s,business-final-v3,D:\project\homework\sockshop\data\sockshop_mesh_final,final_,data\sockshop_mesh_final\final_e4\run01,False,0.94,36,0,data\sockshop_mesh_final\final_e4\run01\dycause_lag7_step60_edge0.8.log,True,7,60,0.8,3,0.0,0.0,1.0,1.0,1.0,0.6,0.7143
final_e4,run01,final_final_e4_mesh_run01,Formal: Pod-Kill orders,formal,pod-kill,core,orders,4,0.01756192268099394,0.0946786023769885,5.3911296671094355,300,300,15s,business-final-v3,D:\project\homework\sockshop\data\sockshop_mesh_final,final_,data\sockshop_mesh_final\final_e4\run01,False,0.94,36,0,data\sockshop_mesh_final\final_e4\run01\dycause_lag9_step30_edge0.4.log,True,9,30,0.4,3,0.0,0.0,1.0,1.0,1.0,0.6,0.7143
final_e4,run01,final_final_e4_mesh_run01,Formal: Pod-Kill orders,formal,pod-kill,core,orders,4,0.01756192268099394,0.0946786023769885,5.3911296671094355,300,300,15s,business-final-v3,D:\project\homework\sockshop\data\sockshop_mesh_final,final_,data\sockshop_mesh_final\final_e4\run01,False,0.94,36,0,data\sockshop_mesh_final\final_e4\run01\dycause_lag9_step30_edge0.6.log,True,9,30,0.6,4,0.0,0.0,0.0,1.0,1.0,0.4,0.5714
final_e4,run01,final_final_e4_mesh_run01,Formal: Pod-Kill orders,formal,pod-kill,core,orders,4,0.01756192268099394,0.0946786023769885,5.3911296671094355,300,300,15s,business-final-v3,D:\project\homework\sockshop\data\sockshop_mesh_final,final_,data\sockshop_mesh_final\final_e4\run01,False,0.94,36,0,data\sockshop_mesh_final\final_e4\run01\dycause_lag9_step30_edge0.7.log,True,9,30,0.7,4,0.0,0.0,0.0,1.0,1.0,0.4,0.5714
final_e4,run01,final_final_e4_mesh_run01,Formal: Pod-Kill orders,formal,pod-kill,core,orders,4,0.01756192268099394,0.0946786023769885,5.3911296671094355,300,300,15s,business-final-v3,D:\project\homework\sockshop\data\sockshop_mesh_final,final_,data\sockshop_mesh_final\final_e4\run01,False,0.94,36,0,data\sockshop_mesh_final\final_e4\run01\dycause_lag9_step30_edge0.8.log,True,9,30,0.8,4,0.0,0.0,0.0,1.0,1.0,0.4,0.5714
final_e4,run01,final_final_e4_mesh_run01,Formal: Pod-Kill orders,formal,pod-kill,core,orders,4,0.01756192268099394,0.0946786023769885,5.3911296671094355,300,300,15s,business-final-v3,D:\project\homework\sockshop\data\sockshop_mesh_final,final_,data\sockshop_mesh_final\final_e4\run01,False,0.94,36,0,data\sockshop_mesh_final\final_e4\run01\dycause_lag9_step60_edge0.4.log,True,9,60,0.4,4,0.0,0.0,0.0,1.0,1.0,0.4,0.5714
final_e4,run01,final_final_e4_mesh_run01,Formal: Pod-Kill orders,formal,pod-kill,core,orders,4,0.01756192268099394,0.0946786023769885,5.3911296671094355,300,300,15s,business-final-v3,D:\project\homework\sockshop\data\sockshop_mesh_final,final_,data\sockshop_mesh_final\final_e4\run01,False,0.94,36,0,data\sockshop_mesh_final\final_e4\run01\dycause_lag9_step60_edge0.6.log,True,9,60,0.6,3,0.0,0.0,1.0,1.0,1.0,0.6,0.7143
final_e4,run01,final_final_e4_mesh_run01,Formal: Pod-Kill orders,formal,pod-kill,core,orders,4,0.01756192268099394,0.0946786023769885,5.3911296671094355,300,300,15s,business-final-v3,D:\project\homework\sockshop\data\sockshop_mesh_final,final_,data\sockshop_mesh_final\final_e4\run01,False,0.94,36,0,data\sockshop_mesh_final\final_e4\run01\dycause_lag9_step60_edge0.7.log,True,9,60,0.7,3,0.0,0.0,1.0,1.0,1.0,0.6,0.7143
final_e4,run01,final_final_e4_mesh_run01,Formal: Pod-Kill orders,formal,pod-kill,core,orders,4,0.01756192268099394,0.0946786023769885,5.3911296671094355,300,300,15s,business-final-v3,D:\project\homework\sockshop\data\sockshop_mesh_final,final_,data\sockshop_mesh_final\final_e4\run01,False,0.94,36,0,data\sockshop_mesh_final\final_e4\run01\dycause_lag9_step60_edge0.8.log,True,9,60,0.8,3,0.0,0.0,1.0,1.0,1.0,0.6,0.7143
final_e5,run01,final_final_e5_mesh_run01,Formal: NetworkDelay 300ms orders,formal,network-delay,core,orders,4,0.08829385179168464,0.14295744597175145,1.6191098595294822,300,300,15s,business-final-v3,D:\project\homework\sockshop\data\sockshop_mesh_final,final_,data\sockshop_mesh_final\final_e5\run01,True,1.0,0,0,data\sockshop_mesh_final\final_e5\run01\dycause_lag3_step20_edge0.4.log,True,3,20,0.4,,0.0,0.0,0.0,0.0,0.0,0.0,0.0
final_e5,run01,final_final_e5_mesh_run01,Formal: NetworkDelay 300ms orders,formal,network-delay,core,orders,4,0.08829385179168464,0.14295744597175145,1.6191098595294822,300,300,15s,business-final-v3,D:\project\homework\sockshop\data\sockshop_mesh_final,final_,data\sockshop_mesh_final\final_e5\run01,True,1.0,0,0,data\sockshop_mesh_final\final_e5\run01\dycause_lag3_step20_edge0.6.log,True,3,20,0.6,,0.0,0.0,0.0,0.0,0.0,0.0,0.0
final_e5,run01,final_final_e5_mesh_run01,Formal: NetworkDelay 300ms orders,formal,network-delay,core,orders,4,0.08829385179168464,0.14295744597175145,1.6191098595294822,300,300,15s,business-final-v3,D:\project\homework\sockshop\data\sockshop_mesh_final,final_,data\sockshop_mesh_final\final_e5\run01,True,1.0,0,0,data\sockshop_mesh_final\final_e5\run01\dycause_lag3_step20_edge0.7.log,True,3,20,0.7,,0.0,0.0,0.0,0.0,0.0,0.0,0.0
final_e5,run01,final_final_e5_mesh_run01,Formal: NetworkDelay 300ms orders,formal,network-delay,core,orders,4,0.08829385179168464,0.14295744597175145,1.6191098595294822,300,300,15s,business-final-v3,D:\project\homework\sockshop\data\sockshop_mesh_final,final_,data\sockshop_mesh_final\final_e5\run01,True,1.0,0,0,data\sockshop_mesh_final\final_e5\run01\dycause_lag3_step20_edge0.8.log,True,3,20,0.8,,0.0,0.0,0.0,0.0,0.0,0.0,0.0
final_e5,run01,final_final_e5_mesh_run01,Formal: NetworkDelay 300ms orders,formal,network-delay,core,orders,4,0.08829385179168464,0.14295744597175145,1.6191098595294822,300,300,15s,business-final-v3,D:\project\homework\sockshop\data\sockshop_mesh_final,final_,data\sockshop_mesh_final\final_e5\run01,True,1.0,0,0,data\sockshop_mesh_final\final_e5\run01\dycause_lag3_step30_edge0.4.log,True,3,30,0.4,,0.0,0.0,0.0,0.0,0.0,0.0,0.0
final_e5,run01,final_final_e5_mesh_run01,Formal: NetworkDelay 300ms orders,formal,network-delay,core,orders,4,0.08829385179168464,0.14295744597175145,1.6191098595294822,300,300,15s,business-final-v3,D:\project\homework\sockshop\data\sockshop_mesh_final,final_,data\sockshop_mesh_final\final_e5\run01,True,1.0,0,0,data\sockshop_mesh_final\final_e5\run01\dycause_lag3_step30_edge0.6.log,True,3,30,0.6,,0.0,0.0,0.0,0.0,0.0,0.0,0.0
final_e5,run01,final_final_e5_mesh_run01,Formal: NetworkDelay 300ms orders,formal,network-delay,core,orders,4,0.08829385179168464,0.14295744597175145,1.6191098595294822,300,300,15s,business-final-v3,D:\project\homework\sockshop\data\sockshop_mesh_final,final_,data\sockshop_mesh_final\final_e5\run01,True,1.0,0,0,data\sockshop_mesh_final\final_e5\run01\dycause_lag3_step30_edge0.7.log,True,3,30,0.7,,0.0,0.0,0.0,0.0,0.0,0.0,0.0
final_e5,run01,final_final_e5_mesh_run01,Formal: NetworkDelay 300ms orders,formal,network-delay,core,orders,4,0.08829385179168464,0.14295744597175145,1.6191098595294822,300,300,15s,business-final-v3,D:\project\homework\sockshop\data\sockshop_mesh_final,final_,data\sockshop_mesh_final\final_e5\run01,True,1.0,0,0,data\sockshop_mesh_final\final_e5\run01\dycause_lag3_step30_edge0.8.log,True,3,30,0.8,,0.0,0.0,0.0,0.0,0.0,0.0,0.0
final_e5,run01,final_final_e5_mesh_run01,Formal: NetworkDelay 300ms orders,formal,network-delay,core,orders,4,0.08829385179168464,0.14295744597175145,1.6191098595294822,300,300,15s,business-final-v3,D:\project\homework\sockshop\data\sockshop_mesh_final,final_,data\sockshop_mesh_final\final_e5\run01,True,1.0,0,0,data\sockshop_mesh_final\final_e5\run01\dycause_lag3_step60_edge0.4.log,True,3,60,0.4,,0.0,0.0,0.0,0.0,0.0,0.0,0.0
final_e5,run01,final_final_e5_mesh_run01,Formal: NetworkDelay 300ms orders,formal,network-delay,core,orders,4,0.08829385179168464,0.14295744597175145,1.6191098595294822,300,300,15s,business-final-v3,D:\project\homework\sockshop\data\sockshop_mesh_final,final_,data\sockshop_mesh_final\final_e5\run01,True,1.0,0,0,data\sockshop_mesh_final\final_e5\run01\dycause_lag3_step60_edge0.6.log,True,3,60,0.6,,0.0,0.0,0.0,0.0,0.0,0.0,0.0
final_e5,run01,final_final_e5_mesh_run01,Formal: NetworkDelay 300ms orders,formal,network-delay,core,orders,4,0.08829385179168464,0.14295744597175145,1.6191098595294822,300,300,15s,business-final-v3,D:\project\homework\sockshop\data\sockshop_mesh_final,final_,data\sockshop_mesh_final\final_e5\run01,True,1.0,0,0,data\sockshop_mesh_final\final_e5\run01\dycause_lag3_step60_edge0.7.log,True,3,60,0.7,,0.0,0.0,0.0,0.0,0.0,0.0,0.0
final_e5,run01,final_final_e5_mesh_run01,Formal: NetworkDelay 300ms orders,formal,network-delay,core,orders,4,0.08829385179168464,0.14295744597175145,1.6191098595294822,300,300,15s,business-final-v3,D:\project\homework\sockshop\data\sockshop_mesh_final,final_,data\sockshop_mesh_final\final_e5\run01,True,1.0,0,0,data\sockshop_mesh_final\final_e5\run01\dycause_lag3_step60_edge0.8.log,True,3,60,0.8,,0.0,0.0,0.0,0.0,0.0,0.0,0.0
final_e5,run01,final_final_e5_mesh_run01,Formal: NetworkDelay 300ms orders,formal,network-delay,core,orders,4,0.08829385179168464,0.14295744597175145,1.6191098595294822,300,300,15s,business-final-v3,D:\project\homework\sockshop\data\sockshop_mesh_final,final_,data\sockshop_mesh_final\final_e5\run01,True,1.0,0,0,data\sockshop_mesh_final\final_e5\run01\dycause_lag5_step20_edge0.4.log,True,5,20,0.4,,0.0,0.0,0.0,0.0,0.0,0.0,0.0
final_e5,run01,final_final_e5_mesh_run01,Formal: NetworkDelay 300ms orders,formal,network-delay,core,orders,4,0.08829385179168464,0.14295744597175145,1.6191098595294822,300,300,15s,business-final-v3,D:\project\homework\sockshop\data\sockshop_mesh_final,final_,data\sockshop_mesh_final\final_e5\run01,True,1.0,0,0,data\sockshop_mesh_final\final_e5\run01\dycause_lag5_step20_edge0.6.log,True,5,20,0.6,,0.0,0.0,0.0,0.0,0.0,0.0,0.0
final_e5,run01,final_final_e5_mesh_run01,Formal: NetworkDelay 300ms orders,formal,network-delay,core,orders,4,0.08829385179168464,0.14295744597175145,1.6191098595294822,300,300,15s,business-final-v3,D:\project\homework\sockshop\data\sockshop_mesh_final,final_,data\sockshop_mesh_final\final_e5\run01,True,1.0,0,0,data\sockshop_mesh_final\final_e5\run01\dycause_lag5_step20_edge0.7.log,True,5,20,0.7,,0.0,0.0,0.0,0.0,0.0,0.0,0.0
final_e5,run01,final_final_e5_mesh_run01,Formal: NetworkDelay 300ms orders,formal,network-delay,core,orders,4,0.08829385179168464,0.14295744597175145,1.6191098595294822,300,300,15s,business-final-v3,D:\project\homework\sockshop\data\sockshop_mesh_final,final_,data\sockshop_mesh_final\final_e5\run01,True,1.0,0,0,data\sockshop_mesh_final\final_e5\run01\dycause_lag5_step20_edge0.8.log,True,5,20,0.8,,0.0,0.0,0.0,0.0,0.0,0.0,0.0
final_e5,run01,final_final_e5_mesh_run01,Formal: NetworkDelay 300ms orders,formal,network-delay,core,orders,4,0.08829385179168464,0.14295744597175145,1.6191098595294822,300,300,15s,business-final-v3,D:\project\homework\sockshop\data\sockshop_mesh_final,final_,data\sockshop_mesh_final\final_e5\run01,True,1.0,0,0,data\sockshop_mesh_final\final_e5\run01\dycause_lag5_step30_edge0.4.log,True,5,30,0.4,,0.0,0.0,0.0,0.0,0.0,0.0,0.0
final_e5,run01,final_final_e5_mesh_run01,Formal: NetworkDelay 300ms orders,formal,network-delay,core,orders,4,0.08829385179168464,0.14295744597175145,1.6191098595294822,300,300,15s,business-final-v3,D:\project\homework\sockshop\data\sockshop_mesh_final,final_,data\sockshop_mesh_final\final_e5\run01,True,1.0,0,0,data\sockshop_mesh_final\final_e5\run01\dycause_lag5_step30_edge0.6.log,True,5,30,0.6,,0.0,0.0,0.0,0.0,0.0,0.0,0.0
final_e5,run01,final_final_e5_mesh_run01,Formal: NetworkDelay 300ms orders,formal,network-delay,core,orders,4,0.08829385179168464,0.14295744597175145,1.6191098595294822,300,300,15s,business-final-v3,D:\project\homework\sockshop\data\sockshop_mesh_final,final_,data\sockshop_mesh_final\final_e5\run01,True,1.0,0,0,data\sockshop_mesh_final\final_e5\run01\dycause_lag5_step30_edge0.7.log,True,5,30,0.7,,0.0,0.0,0.0,0.0,0.0,0.0,0.0
final_e5,run01,final_final_e5_mesh_run01,Formal: NetworkDelay 300ms orders,formal,network-delay,core,orders,4,0.08829385179168464,0.14295744597175145,1.6191098595294822,300,300,15s,business-final-v3,D:\project\homework\sockshop\data\sockshop_mesh_final,final_,data\sockshop_mesh_final\final_e5\run01,True,1.0,0,0,data\sockshop_mesh_final\final_e5\run01\dycause_lag5_step30_edge0.8.log,True,5,30,0.8,,0.0,0.0,0.0,0.0,0.0,0.0,0.0
final_e5,run01,final_final_e5_mesh_run01,Formal: NetworkDelay 300ms orders,formal,network-delay,core,orders,4,0.08829385179168464,0.14295744597175145,1.6191098595294822,300,300,15s,business-final-v3,D:\project\homework\sockshop\data\sockshop_mesh_final,final_,data\sockshop_mesh_final\final_e5\run01,True,1.0,0,0,data\sockshop_mesh_final\final_e5\run01\dycause_lag7_step30_edge0.8.log,True,7,30,0.8,6,0.0,0.0,0.0,0.0,0.0,0.0,0.2857
final_e6,run01,final_final_e6_mesh_run01,Formal: NetworkLoss 5% orders,formal,network-loss,augmentation,orders,4,0.148714896593151,0.10220012033037806,0.6872218094598388,300,300,15s,business-final-v3,D:\project\homework\sockshop\data\sockshop_mesh_final,final_,data\sockshop_mesh_final\final_e6\run01,True,1.0,0,0,data\sockshop_mesh_final\final_e6\run01\dycause_lag3_step20_edge0.6.log,True,3,20,0.6,6,0.0,0.0,0.0,0.0,0.0,0.0,0.2857
final_e6,run01,final_final_e6_mesh_run01,Formal: NetworkLoss 5% orders,formal,network-loss,augmentation,orders,4,0.148714896593151,0.10220012033037806,0.6872218094598388,300,300,15s,business-final-v3,D:\project\homework\sockshop\data\sockshop_mesh_final,final_,data\sockshop_mesh_final\final_e6\run01,True,1.0,0,0,data\sockshop_mesh_final\final_e6\run01\dycause_lag3_step20_edge0.7.log,True,3,20,0.7,6,0.0,0.0,0.0,0.0,0.0,0.0,0.2857
final_e6,run01,final_final_e6_mesh_run01,Formal: NetworkLoss 5% orders,formal,network-loss,augmentation,orders,4,0.148714896593151,0.10220012033037806,0.6872218094598388,300,300,15s,business-final-v3,D:\project\homework\sockshop\data\sockshop_mesh_final,final_,data\sockshop_mesh_final\final_e6\run01,True,1.0,0,0,data\sockshop_mesh_final\final_e6\run01\dycause_lag5_step20_edge0.7.log,True,5,20,0.7,,0.0,0.0,0.0,0.0,0.0,0.0,0.0
final_e6,run01,final_final_e6_mesh_run01,Formal: NetworkLoss 5% orders,formal,network-loss,augmentation,orders,4,0.148714896593151,0.10220012033037806,0.6872218094598388,300,300,15s,business-final-v3,D:\project\homework\sockshop\data\sockshop_mesh_final,final_,data\sockshop_mesh_final\final_e6\run01,True,1.0,0,0,data\sockshop_mesh_final\final_e6\run01\dycause_lag5_step30_edge0.7.log,True,5,30,0.7,,0.0,0.0,0.0,0.0,0.0,0.0,0.0
final_e6,run01,final_final_e6_mesh_run01,Formal: NetworkLoss 5% orders,formal,network-loss,augmentation,orders,4,0.148714896593151,0.10220012033037806,0.6872218094598388,300,300,15s,business-final-v3,D:\project\homework\sockshop\data\sockshop_mesh_final,final_,data\sockshop_mesh_final\final_e6\run01,True,1.0,0,0,data\sockshop_mesh_final\final_e6\run01\dycause_lag5_step30_edge0.8.log,True,5,30,0.8,6,0.0,0.0,0.0,0.0,0.0,0.0,0.2857
final_e6,run01,final_final_e6_mesh_run01,Formal: NetworkLoss 5% orders,formal,network-loss,augmentation,orders,4,0.148714896593151,0.10220012033037806,0.6872218094598388,300,300,15s,business-final-v3,D:\project\homework\sockshop\data\sockshop_mesh_final,final_,data\sockshop_mesh_final\final_e6\run01,True,1.0,0,0,data\sockshop_mesh_final\final_e6\run01\dycause_lag7_step30_edge0.8.log,True,7,30,0.8,4,0.0,0.0,0.0,1.0,1.0,0.4,0.5714
final_e7,run01,final_final_e7_mesh_run01,Formal: NetworkDelay 300ms carts,formal,network-delay,supplementary,carts,3,0.11092325206206147,0.18971337571073255,1.7103120597707329,300,300,15s,business-final-v3,D:\project\homework\sockshop\data\sockshop_mesh_final,final_,data\sockshop_mesh_final\final_e7\run01,True,1.0,0,0,data\sockshop_mesh_final\final_e7\run01\dycause_lag3_step20_edge0.6.log,True,3,20,0.6,,0.0,0.0,0.0,0.0,0.0,0.0,0.0
final_e7,run01,final_final_e7_mesh_run01,Formal: NetworkDelay 300ms carts,formal,network-delay,supplementary,carts,3,0.11092325206206147,0.18971337571073255,1.7103120597707329,300,300,15s,business-final-v3,D:\project\homework\sockshop\data\sockshop_mesh_final,final_,data\sockshop_mesh_final\final_e7\run01,True,1.0,0,0,data\sockshop_mesh_final\final_e7\run01\dycause_lag3_step20_edge0.7.log,True,3,20,0.7,,0.0,0.0,0.0,0.0,0.0,0.0,0.0
final_e7,run01,final_final_e7_mesh_run01,Formal: NetworkDelay 300ms carts,formal,network-delay,supplementary,carts,3,0.11092325206206147,0.18971337571073255,1.7103120597707329,300,300,15s,business-final-v3,D:\project\homework\sockshop\data\sockshop_mesh_final,final_,data\sockshop_mesh_final\final_e7\run01,True,1.0,0,0,data\sockshop_mesh_final\final_e7\run01\dycause_lag5_step20_edge0.7.log,True,5,20,0.7,3,0.0,0.0,1.0,1.0,1.0,0.6,0.7143
final_e7,run01,final_final_e7_mesh_run01,Formal: NetworkDelay 300ms carts,formal,network-delay,supplementary,carts,3,0.11092325206206147,0.18971337571073255,1.7103120597707329,300,300,15s,business-final-v3,D:\project\homework\sockshop\data\sockshop_mesh_final,final_,data\sockshop_mesh_final\final_e7\run01,True,1.0,0,0,data\sockshop_mesh_final\final_e7\run01\dycause_lag5_step30_edge0.7.log,True,5,30,0.7,5,0.0,0.0,0.0,0.0,1.0,0.2,0.4286
final_e7,run01,final_final_e7_mesh_run01,Formal: NetworkDelay 300ms carts,formal,network-delay,supplementary,carts,3,0.11092325206206147,0.18971337571073255,1.7103120597707329,300,300,15s,business-final-v3,D:\project\homework\sockshop\data\sockshop_mesh_final,final_,data\sockshop_mesh_final\final_e7\run01,True,1.0,0,0,data\sockshop_mesh_final\final_e7\run01\dycause_lag5_step30_edge0.8.log,True,5,30,0.8,6,0.0,0.0,0.0,0.0,0.0,0.0,0.2857
final_e7,run01,final_final_e7_mesh_run01,Formal: NetworkDelay 300ms carts,formal,network-delay,supplementary,carts,3,0.11092325206206147,0.18971337571073255,1.7103120597707329,300,300,15s,business-final-v3,D:\project\homework\sockshop\data\sockshop_mesh_final,final_,data\sockshop_mesh_final\final_e7\run01,True,1.0,0,0,data\sockshop_mesh_final\final_e7\run01\dycause_lag7_step30_edge0.8.log,True,7,30,0.8,6,0.0,0.0,0.0,0.0,0.0,0.0,0.2857
